{"type": "FeatureCollection", "features": [{"type": "Feature", "geometry": {"type": "Point", "coordinates": [-78.50091, 3.76653]}, "properties": {"pga": 0.0509575}}, {"type": "Feature", "geometry": {"type": "Point", "coordinates": [-78.5009, 3.85646]}, "properties": {"pga": 0.06066621}}, {"type": "Feature", "geometry": {"type": "Point", "coordinates": [-78.50089, 3.94639]}, "properties": {"pga": 0.06571666}}, {"type": "Feature", "geometry": {"type": "Point", "coordinates": [-78.50088, 4.03632]}, "properties": {"pga": 0.0683298}}, {"type": "Feature", "geometry": {"type": "Point", "coordinates": [-78.50087, 4.12626]}, "properties": {"pga": 0.0698631}}, {"type": "Feature", "geometry": {"type": "Point", "coordinates": [-78.50086, 4.21619]}, "properties": {"pga": 0.07082563}}, {"type": "Feature", "geometry": {"type": "Point", "coordinates": [-78.50085, 4.30612]}, "properties": {"pga": 0.0714515}}, {"type": "Feature", "geometry": {"type": "Point", "coordinates": [-78.50084, 4.39605]}, "properties": {"pga": 0.07186597}}, {"type": "Feature", "geometry": {"type": "Point", "coordinates": [-78.50083, 4.48598]}, "properties": {"pga": 0.07214275}}, {"type": "Feature", "geometry": {"type": "Point", "coordinates": [-78.50082, 4.57592]}, "properties": {"pga": 0.07232805}}, {"type": "Feature", "geometry": {"type": "Point", "coordinates": [-78.50081, 4.66585]}, "properties": {"pga": 0.07245184}}, {"type": "Feature", "geometry": {"type": "Point", "coordinates": [-78.50079, 4.75578]}, "properties": {"pga": 0.07253713}}, {"type": "Feature", "geometry": {"type": "Point", "coordinates": [-78.50078, 4.84571]}, "properties": {"pga": 0.07259175}}, {"type": "Feature", "geometry": {"type": "Point", "coordinates": [-78.50077, 4.93565]}, "properties": {"pga": 0.07262781}}, {"type": "Feature", "geometry": {"type": "Point", "coordinates": [-78.50076, 5.02558]}, "properties": {"pga": 0.07265161}}, {"type": "Feature", "geometry": {"type": "Point", "coordinates": [-78.50074, 5.11551]}, "properties": {"pga": 0.07267031}}, {"type": "Feature", "geometry": {"type": "Point", "coordinates": [-78.50073, 5.20544]}, "properties": {"pga": 0.07268107}}, {"type": "Feature", "geometry": {"type": "Point", "coordinates": [-78.50072, 5.29537]}, "properties": {"pga": 0.07268863}}, {"type": "Feature", "geometry": {"type": "Point", "coordinates": [-78.50071, 5.38531]}, "properties": {"pga": 0.0726942}}, {"type": "Feature", "geometry": {"type": "Point", "coordinates": [-78.50069, 5.47524]}, "properties": {"pga": 0.07270145}}, {"type": "Feature", "geometry": {"type": "Point", "coordinates": [-78.50068, 5.56517]}, "properties": {"pga": 0.07270515}}, {"type": "Feature", "geometry": {"type": "Point", "coordinates": [-78.50066, 5.6551]}, "properties": {"pga": 0.07271132}}, {"type": "Feature", "geometry": {"type": "Point", "coordinates": [-78.50065, 5.74503]}, "properties": {"pga": 0.07271441}}, {"type": "Feature", "geometry": {"type": "Point", "coordinates": [-78.50064, 5.83497]}, "properties": {"pga": 0.07271739}}, {"type": "Feature", "geometry": {"type": "Point", "coordinates": [-78.50062, 5.9249]}, "properties": {"pga": 0.07272322}}, {"type": "Feature", "geometry": {"type": "Point", "coordinates": [-78.50061, 6.01483]}, "properties": {"pga": 0.07272612}}, {"type": "Feature", "geometry": {"type": "Point", "coordinates": [-78.50059, 6.10476]}, "properties": {"pga": 0.07273187}}, {"type": "Feature", "geometry": {"type": "Point", "coordinates": [-78.50058, 6.1947]}, "properties": {"pga": 0.07273477}}, {"type": "Feature", "geometry": {"type": "Point", "coordinates": [-78.50056, 6.28463]}, "properties": {"pga": 0.07274054}}, {"type": "Feature", "geometry": {"type": "Point", "coordinates": [-78.50054, 6.37456]}, "properties": {"pga": 0.07274628}}, {"type": "Feature", "geometry": {"type": "Point", "coordinates": [-78.50053, 6.46449]}, "properties": {"pga": 0.07274918}}, {"type": "Feature", "geometry": {"type": "Point", "coordinates": [-78.50051, 6.55442]}, "properties": {"pga": 0.07275495}}, {"type": "Feature", "geometry": {"type": "Point", "coordinates": [-78.5005, 6.64436]}, "properties": {"pga": 0.07275784}}, {"type": "Feature", "geometry": {"type": "Point", "coordinates": [-78.50048, 6.73429]}, "properties": {"pga": 0.07276355}}, {"type": "Feature", "geometry": {"type": "Point", "coordinates": [-78.50046, 6.82422]}, "properties": {"pga": 0.07276923}}, {"type": "Feature", "geometry": {"type": "Point", "coordinates": [-78.50045, 6.91415]}, "properties": {"pga": 0.07277193}}, {"type": "Feature", "geometry": {"type": "Point", "coordinates": [-78.50043, 7.00408]}, "properties": {"pga": 0.07277726}}, {"type": "Feature", "geometry": {"type": "Point", "coordinates": [-78.50041, 7.09402]}, "properties": {"pga": 0.07278222}}, {"type": "Feature", "geometry": {"type": "Point", "coordinates": [-78.50039, 7.18395]}, "properties": {"pga": 0.07278652}}, {"type": "Feature", "geometry": {"type": "Point", "coordinates": [-78.50037, 7.27388]}, "properties": {"pga": 0.07278964}}, {"type": "Feature", "geometry": {"type": "Point", "coordinates": [-78.50036, 7.36381]}, "properties": {"pga": 0.07278794}}, {"type": "Feature", "geometry": {"type": "Point", "coordinates": [-78.50034, 7.45375]}, "properties": {"pga": 0.07278595}}, {"type": "Feature", "geometry": {"type": "Point", "coordinates": [-78.50032, 7.54368]}, "properties": {"pga": 0.07277891}}, {"type": "Feature", "geometry": {"type": "Point", "coordinates": [-78.5003, 7.63361]}, "properties": {"pga": 0.07276395}}, {"type": "Feature", "geometry": {"type": "Point", "coordinates": [-78.50028, 7.72354]}, "properties": {"pga": 0.07273686}}, {"type": "Feature", "geometry": {"type": "Point", "coordinates": [-78.50026, 7.81347]}, "properties": {"pga": 0.0726913}}, {"type": "Feature", "geometry": {"type": "Point", "coordinates": [-78.50024, 7.90341]}, "properties": {"pga": 0.07261807}}, {"type": "Feature", "geometry": {"type": "Point", "coordinates": [-78.50022, 7.99334]}, "properties": {"pga": 0.07250363}}, {"type": "Feature", "geometry": {"type": "Point", "coordinates": [-78.5002, 8.08327]}, "properties": {"pga": 0.07232793}}, {"type": "Feature", "geometry": {"type": "Point", "coordinates": [-78.50018, 8.1732]}, "properties": {"pga": 0.07206086}}, {"type": "Feature", "geometry": {"type": "Point", "coordinates": [-78.50016, 8.26314]}, "properties": {"pga": 0.0716562}}, {"type": "Feature", "geometry": {"type": "Point", "coordinates": [-78.50014, 8.35307]}, "properties": {"pga": 0.07104015}}, {"type": "Feature", "geometry": {"type": "Point", "coordinates": [-78.50012, 8.443]}, "properties": {"pga": 0.07008719}}, {"type": "Feature", "geometry": {"type": "Point", "coordinates": [-78.5001, 8.53293]}, "properties": {"pga": 0.06856242}}, {"type": "Feature", "geometry": {"type": "Point", "coordinates": [-78.50008, 8.62286]}, "properties": {"pga": 0.06595348}}, {"type": "Feature", "geometry": {"type": "Point", "coordinates": [-78.50005, 8.7128]}, "properties": {"pga": 0.06088795}}, {"type": "Feature", "geometry": {"type": "Point", "coordinates": [-78.50003, 8.80273]}, "properties": {"pga": 0.05107735}}, {"type": "Feature", "geometry": {"type": "Point", "coordinates": [-78.41078, 3.76653]}, "properties": {"pga": 0.06222856}}, {"type": "Feature", "geometry": {"type": "Point", "coordinates": [-78.41076, 3.85646]}, "properties": {"pga": 0.08547922}}, {"type": "Feature", "geometry": {"type": "Point", "coordinates": [-78.41074, 3.94639]}, "properties": {"pga": 0.09269994}}, {"type": "Feature", "geometry": {"type": "Point", "coordinates": [-78.41072, 4.03632]}, "properties": {"pga": 0.09575967}}, {"type": "Feature", "geometry": {"type": "Point", "coordinates": [-78.4107, 4.12626]}, "properties": {"pga": 0.09741034}}, {"type": "Feature", "geometry": {"type": "Point", "coordinates": [-78.41068, 4.21619]}, "properties": {"pga": 0.09839141}}, {"type": "Feature", "geometry": {"type": "Point", "coordinates": [-78.41066, 4.30612]}, "properties": {"pga": 0.09900144}}, {"type": "Feature", "geometry": {"type": "Point", "coordinates": [-78.41064, 4.39605]}, "properties": {"pga": 0.09938847}}, {"type": "Feature", "geometry": {"type": "Point", "coordinates": [-78.41062, 4.48598]}, "properties": {"pga": 0.0996355}}, {"type": "Feature", "geometry": {"type": "Point", "coordinates": [-78.4106, 4.57592]}, "properties": {"pga": 0.09979295}}, {"type": "Feature", "geometry": {"type": "Point", "coordinates": [-78.41057, 4.66585]}, "properties": {"pga": 0.09989422}}, {"type": "Feature", "geometry": {"type": "Point", "coordinates": [-78.41055, 4.75578]}, "properties": {"pga": 0.09995615}}, {"type": "Feature", "geometry": {"type": "Point", "coordinates": [-78.41053, 4.84571]}, "properties": {"pga": 0.09999431}}, {"type": "Feature", "geometry": {"type": "Point", "coordinates": [-78.4105, 4.93565]}, "properties": {"pga": 0.1000151}}, {"type": "Feature", "geometry": {"type": "Point", "coordinates": [-78.41048, 5.02558]}, "properties": {"pga": 0.1000261}}, {"type": "Feature", "geometry": {"type": "Point", "coordinates": [-78.41045, 5.11551]}, "properties": {"pga": 0.1000338}}, {"type": "Feature", "geometry": {"type": "Point", "coordinates": [-78.41043, 5.20544]}, "properties": {"pga": 0.1000377}}, {"type": "Feature", "geometry": {"type": "Point", "coordinates": [-78.4104, 5.29537]}, "properties": {"pga": 0.1000414}}, {"type": "Feature", "geometry": {"type": "Point", "coordinates": [-78.41037, 5.38531]}, "properties": {"pga": 0.1000443}}, {"type": "Feature", "geometry": {"type": "Point", "coordinates": [-78.41035, 5.47524]}, "properties": {"pga": 0.1000455}}, {"type": "Feature", "geometry": {"type": "Point", "coordinates": [-78.41032, 5.56517]}, "properties": {"pga": 0.1000477}}, {"type": "Feature", "geometry": {"type": "Point", "coordinates": [-78.41029, 5.6551]}, "properties": {"pga": 0.1000499}}, {"type": "Feature", "geometry": {"type": "Point", "coordinates": [-78.41026, 5.74503]}, "properties": {"pga": 0.100052}}, {"type": "Feature", "geometry": {"type": "Point", "coordinates": [-78.41024, 5.83497]}, "properties": {"pga": 0.1000528}}, {"type": "Feature", "geometry": {"type": "Point", "coordinates": [-78.41021, 5.9249]}, "properties": {"pga": 0.1000548}}, {"type": "Feature", "geometry": {"type": "Point", "coordinates": [-78.41018, 6.01483]}, "properties": {"pga": 0.1000568}}, {"type": "Feature", "geometry": {"type": "Point", "coordinates": [-78.41015, 6.10476]}, "properties": {"pga": 0.1000587}}, {"type": "Feature", "geometry": {"type": "Point", "coordinates": [-78.41012, 6.1947]}, "properties": {"pga": 0.1000607}}, {"type": "Feature", "geometry": {"type": "Point", "coordinates": [-78.41008, 6.28463]}, "properties": {"pga": 0.1000639}}, {"type": "Feature", "geometry": {"type": "Point", "coordinates": [-78.41005, 6.37456]}, "properties": {"pga": 0.1000657}}, {"type": "Feature", "geometry": {"type": "Point", "coordinates": [-78.41002, 6.46449]}, "properties": {"pga": 0.1000675}}, {"type": "Feature", "geometry": {"type": "Point", "coordinates": [-78.40999, 6.55442]}, "properties": {"pga": 0.1000694}}, {"type": "Feature", "geometry": {"type": "Point", "coordinates": [-78.40996, 6.64436]}, "properties": {"pga": 0.1000711}}, {"type": "Feature", "geometry": {"type": "Point", "coordinates": [-78.40992, 6.73429]}, "properties": {"pga": 0.1000741}}, {"type": "Feature", "geometry": {"type": "Point", "coordinates": [-78.40989, 6.82422]}, "properties": {"pga": 0.1000758}}, {"type": "Feature", "geometry": {"type": "Point", "coordinates": [-78.40985, 6.91415]}, "properties": {"pga": 0.1000786}}, {"type": "Feature", "geometry": {"type": "Point", "coordinates": [-78.40982, 7.00408]}, "properties": {"pga": 0.1000803}}, {"type": "Feature", "geometry": {"type": "Point", "coordinates": [-78.40978, 7.09402]}, "properties": {"pga": 0.100083}}, {"type": "Feature", "geometry": {"type": "Point", "coordinates": [-78.40975, 7.18395]}, "properties": {"pga": 0.1000843}}, {"type": "Feature", "geometry": {"type": "Point", "coordinates": [-78.40971, 7.27388]}, "properties": {"pga": 0.1000864}}, {"type": "Feature", "geometry": {"type": "Point", "coordinates": [-78.40968, 7.36381]}, "properties": {"pga": 0.1000864}}, {"type": "Feature", "geometry": {"type": "Point", "coordinates": [-78.40964, 7.45375]}, "properties": {"pga": 0.1000862}}, {"type": "Feature", "geometry": {"type": "Point", "coordinates": [-78.4096, 7.54368]}, "properties": {"pga": 0.1000835}}, {"type": "Feature", "geometry": {"type": "Point", "coordinates": [-78.40956, 7.63361]}, "properties": {"pga": 0.1000763}}, {"type": "Feature", "geometry": {"type": "Point", "coordinates": [-78.40953, 7.72354]}, "properties": {"pga": 0.1000604}}, {"type": "Feature", "geometry": {"type": "Point", "coordinates": [-78.40949, 7.81347]}, "properties": {"pga": 0.1000339}}, {"type": "Feature", "geometry": {"type": "Point", "coordinates": [-78.40945, 7.90341]}, "properties": {"pga": 0.09998534}}, {"type": "Feature", "geometry": {"type": "Point", "coordinates": [-78.40941, 7.99334]}, "properties": {"pga": 0.09989084}}, {"type": "Feature", "geometry": {"type": "Point", "coordinates": [-78.40937, 8.08327]}, "properties": {"pga": 0.09973852}}, {"type": "Feature", "geometry": {"type": "Point", "coordinates": [-78.40933, 8.1732]}, "properties": {"pga": 0.09949664}}, {"type": "Feature", "geometry": {"type": "Point", "coordinates": [-78.40929, 8.26314]}, "properties": {"pga": 0.09911487}}, {"type": "Feature", "geometry": {"type": "Point", "coordinates": [-78.40924, 8.35307]}, "properties": {"pga": 0.09851153}}, {"type": "Feature", "geometry": {"type": "Point", "coordinates": [-78.4092, 8.443]}, "properties": {"pga": 0.09753522}}, {"type": "Feature", "geometry": {"type": "Point", "coordinates": [-78.40916, 8.53293]}, "properties": {"pga": 0.09588827}}, {"type": "Feature", "geometry": {"type": "Point", "coordinates": [-78.40912, 8.62286]}, "properties": {"pga": 0.09282864}}, {"type": "Feature", "geometry": {"type": "Point", "coordinates": [-78.40907, 8.7128]}, "properties": {"pga": 0.08559155}}, {"type": "Feature", "geometry": {"type": "Point", "coordinates": [-78.40903, 8.80273]}, "properties": {"pga": 0.0622848}}, {"type": "Feature", "geometry": {"type": "Point", "coordinates": [-78.32066, 3.76653]}, "properties": {"pga": 0.06754359}}, {"type": "Feature", "geometry": {"type": "Point", "coordinates": [-78.32063, 3.85646]}, "properties": {"pga": 0.09242827}}, {"type": "Feature", "geometry": {"type": "Point", "coordinates": [-78.3206, 3.94639]}, "properties": {"pga": 0.1003151}}, {"type": "Feature", "geometry": {"type": "Point", "coordinates": [-78.32057, 4.03632]}, "properties": {"pga": 0.1029914}}, {"type": "Feature", "geometry": {"type": "Point", "coordinates": [-78.32054, 4.12626]}, "properties": {"pga": 0.1044082}}, {"type": "Feature", "geometry": {"type": "Point", "coordinates": [-78.32051, 4.21619]}, "properties": {"pga": 0.105234}}, {"type": "Feature", "geometry": {"type": "Point", "coordinates": [-78.32048, 4.30612]}, "properties": {"pga": 0.1057385}}, {"type": "Feature", "geometry": {"type": "Point", "coordinates": [-78.32044, 4.39605]}, "properties": {"pga": 0.1060541}}, {"type": "Feature", "geometry": {"type": "Point", "coordinates": [-78.32041, 4.48598]}, "properties": {"pga": 0.1062522}}, {"type": "Feature", "geometry": {"type": "Point", "coordinates": [-78.32038, 4.57592]}, "properties": {"pga": 0.1063768}}, {"type": "Feature", "geometry": {"type": "Point", "coordinates": [-78.32034, 4.66585]}, "properties": {"pga": 0.1064551}}, {"type": "Feature", "geometry": {"type": "Point", "coordinates": [-78.32031, 4.75578]}, "properties": {"pga": 0.1065028}}, {"type": "Feature", "geometry": {"type": "Point", "coordinates": [-78.32027, 4.84571]}, "properties": {"pga": 0.1065324}}, {"type": "Feature", "geometry": {"type": "Point", "coordinates": [-78.32024, 4.93565]}, "properties": {"pga": 0.1065493}}, {"type": "Feature", "geometry": {"type": "Point", "coordinates": [-78.3202, 5.02558]}, "properties": {"pga": 0.1065597}}, {"type": "Feature", "geometry": {"type": "Point", "coordinates": [-78.32016, 5.11551]}, "properties": {"pga": 0.1065659}}, {"type": "Feature", "geometry": {"type": "Point", "coordinates": [-78.32012, 5.20544]}, "properties": {"pga": 0.1065695}}, {"type": "Feature", "geometry": {"type": "Point", "coordinates": [-78.32008, 5.29537]}, "properties": {"pga": 0.1065718}}, {"type": "Feature", "geometry": {"type": "Point", "coordinates": [-78.32004, 5.38531]}, "properties": {"pga": 0.1065733}}, {"type": "Feature", "geometry": {"type": "Point", "coordinates": [-78.32, 5.47524]}, "properties": {"pga": 0.1065743}}, {"type": "Feature", "geometry": {"type": "Point", "coordinates": [-78.31996, 5.56517]}, "properties": {"pga": 0.1065752}}, {"type": "Feature", "geometry": {"type": "Point", "coordinates": [-78.31992, 5.6551]}, "properties": {"pga": 0.1065759}}, {"type": "Feature", "geometry": {"type": "Point", "coordinates": [-78.31988, 5.74503]}, "properties": {"pga": 0.1065766}}, {"type": "Feature", "geometry": {"type": "Point", "coordinates": [-78.31983, 5.83497]}, "properties": {"pga": 0.1065779}}, {"type": "Feature", "geometry": {"type": "Point", "coordinates": [-78.31979, 5.9249]}, "properties": {"pga": 0.1065785}}, {"type": "Feature", "geometry": {"type": "Point", "coordinates": [-78.31975, 6.01483]}, "properties": {"pga": 0.1065791}}, {"type": "Feature", "geometry": {"type": "Point", "coordinates": [-78.3197, 6.10476]}, "properties": {"pga": 0.1065803}}, {"type": "Feature", "geometry": {"type": "Point", "coordinates": [-78.31966, 6.1947]}, "properties": {"pga": 0.1065809}}, {"type": "Feature", "geometry": {"type": "Point", "coordinates": [-78.31961, 6.28463]}, "properties": {"pga": 0.106582}}, {"type": "Feature", "geometry": {"type": "Point", "coordinates": [-78.31956, 6.37456]}, "properties": {"pga": 0.1065831}}, {"type": "Feature", "geometry": {"type": "Point", "coordinates": [-78.31951, 6.46449]}, "properties": {"pga": 0.1065841}}, {"type": "Feature", "geometry": {"type": "Point", "coordinates": [-78.31947, 6.55442]}, "properties": {"pga": 0.1065845}}, {"type": "Feature", "geometry": {"type": "Point", "coordinates": [-78.31942, 6.64436]}, "properties": {"pga": 0.1065855}}, {"type": "Feature", "geometry": {"type": "Point", "coordinates": [-78.31937, 6.73429]}, "properties": {"pga": 0.1065864}}, {"type": "Feature", "geometry": {"type": "Point", "coordinates": [-78.31931, 6.82422]}, "properties": {"pga": 0.1065879}}, {"type": "Feature", "geometry": {"type": "Point", "coordinates": [-78.31926, 6.91415]}, "properties": {"pga": 0.1065888}}, {"type": "Feature", "geometry": {"type": "Point", "coordinates": [-78.31921, 7.00408]}, "properties": {"pga": 0.1065896}}, {"type": "Feature", "geometry": {"type": "Point", "coordinates": [-78.31916, 7.09402]}, "properties": {"pga": 0.1065902}}, {"type": "Feature", "geometry": {"type": "Point", "coordinates": [-78.31911, 7.18395]}, "properties": {"pga": 0.1065908}}, {"type": "Feature", "geometry": {"type": "Point", "coordinates": [-78.31905, 7.27388]}, "properties": {"pga": 0.1065914}}, {"type": "Feature", "geometry": {"type": "Point", "coordinates": [-78.319, 7.36381]}, "properties": {"pga": 0.1065907}}, {"type": "Feature", "geometry": {"type": "Point", "coordinates": [-78.31894, 7.45375]}, "properties": {"pga": 0.1065893}}, {"type": "Feature", "geometry": {"type": "Point", "coordinates": [-78.31888, 7.54368]}, "properties": {"pga": 0.1065853}}, {"type": "Feature", "geometry": {"type": "Point", "coordinates": [-78.31883, 7.63361]}, "properties": {"pga": 0.1065765}}, {"type": "Feature", "geometry": {"type": "Point", "coordinates": [-78.31877, 7.72354]}, "properties": {"pga": 0.106561}}, {"type": "Feature", "geometry": {"type": "Point", "coordinates": [-78.31871, 7.81347]}, "properties": {"pga": 0.1065339}}, {"type": "Feature", "geometry": {"type": "Point", "coordinates": [-78.31865, 7.90341]}, "properties": {"pga": 0.1064878}}, {"type": "Feature", "geometry": {"type": "Point", "coordinates": [-78.31859, 7.99334]}, "properties": {"pga": 0.1064121}}, {"type": "Feature", "geometry": {"type": "Point", "coordinates": [-78.31853, 8.08327]}, "properties": {"pga": 0.1062894}}, {"type": "Feature", "geometry": {"type": "Point", "coordinates": [-78.31847, 8.1732]}, "properties": {"pga": 0.1060933}}, {"type": "Feature", "geometry": {"type": "Point", "coordinates": [-78.31841, 8.26314]}, "properties": {"pga": 0.1057803}}, {"type": "Feature", "geometry": {"type": "Point", "coordinates": [-78.31835, 8.35307]}, "properties": {"pga": 0.1052777}}, {"type": "Feature", "geometry": {"type": "Point", "coordinates": [-78.31828, 8.443]}, "properties": {"pga": 0.1044539}}, {"type": "Feature", "geometry": {"type": "Point", "coordinates": [-78.31822, 8.53293]}, "properties": {"pga": 0.1030376}}, {"type": "Feature", "geometry": {"type": "Point", "coordinates": [-78.31816, 8.62286]}, "properties": {"pga": 0.1003589}}, {"type": "Feature", "geometry": {"type": "Point", "coordinates": [-78.31809, 8.7128]}, "properties": {"pga": 0.09247039}}, {"type": "Feature", "geometry": {"type": "Point", "coordinates": [-78.31802, 8.80273]}, "properties": {"pga": 0.06756132}}, {"type": "Feature", "geometry": {"type": "Point", "coordinates": [-78.23053, 3.76653]}, "properties": {"pga": 0.07017478}}, {"type": "Feature", "geometry": {"type": "Point", "coordinates": [-78.23049, 3.85646]}, "properties": {"pga": 0.09528928}}, {"type": "Feature", "geometry": {"type": "Point", "coordinates": [-78.23045, 3.94639]}, "properties": {"pga": 0.102771}}, {"type": "Feature", "geometry": {"type": "Point", "coordinates": [-78.23041, 4.03632]}, "properties": {"pga": 0.1055941}}, {"type": "Feature", "geometry": {"type": "Point", "coordinates": [-78.23037, 4.12626]}, "properties": {"pga": 0.1071037}}, {"type": "Feature", "geometry": {"type": "Point", "coordinates": [-78.23033, 4.21619]}, "properties": {"pga": 0.1079846}}, {"type": "Feature", "geometry": {"type": "Point", "coordinates": [-78.23029, 4.30612]}, "properties": {"pga": 0.1085215}}, {"type": "Feature", "geometry": {"type": "Point", "coordinates": [-78.23025, 4.39605]}, "properties": {"pga": 0.1088554}}, {"type": "Feature", "geometry": {"type": "Point", "coordinates": [-78.2302, 4.48598]}, "properties": {"pga": 0.1090648}}, {"type": "Feature", "geometry": {"type": "Point", "coordinates": [-78.23016, 4.57592]}, "properties": {"pga": 0.1091954}}, {"type": "Feature", "geometry": {"type": "Point", "coordinates": [-78.23011, 4.66585]}, "properties": {"pga": 0.1092767}}, {"type": "Feature", "geometry": {"type": "Point", "coordinates": [-78.23007, 4.75578]}, "properties": {"pga": 0.1093262}}, {"type": "Feature", "geometry": {"type": "Point", "coordinates": [-78.23002, 4.84571]}, "properties": {"pga": 0.1093563}}, {"type": "Feature", "geometry": {"type": "Point", "coordinates": [-78.22997, 4.93565]}, "properties": {"pga": 0.1093742}}, {"type": "Feature", "geometry": {"type": "Point", "coordinates": [-78.22992, 5.02558]}, "properties": {"pga": 0.1093844}}, {"type": "Feature", "geometry": {"type": "Point", "coordinates": [-78.22987, 5.11551]}, "properties": {"pga": 0.1093903}}, {"type": "Feature", "geometry": {"type": "Point", "coordinates": [-78.22982, 5.20544]}, "properties": {"pga": 0.1093936}}, {"type": "Feature", "geometry": {"type": "Point", "coordinates": [-78.22977, 5.29537]}, "properties": {"pga": 0.1093954}}, {"type": "Feature", "geometry": {"type": "Point", "coordinates": [-78.22971, 5.38531]}, "properties": {"pga": 0.1093969}}, {"type": "Feature", "geometry": {"type": "Point", "coordinates": [-78.22966, 5.47524]}, "properties": {"pga": 0.1093976}}, {"type": "Feature", "geometry": {"type": "Point", "coordinates": [-78.2296, 5.56517]}, "properties": {"pga": 0.1093985}}, {"type": "Feature", "geometry": {"type": "Point", "coordinates": [-78.22955, 5.6551]}, "properties": {"pga": 0.1093988}}, {"type": "Feature", "geometry": {"type": "Point", "coordinates": [-78.22949, 5.74503]}, "properties": {"pga": 0.1093995}}, {"type": "Feature", "geometry": {"type": "Point", "coordinates": [-78.22943, 5.83497]}, "properties": {"pga": 0.1094002}}, {"type": "Feature", "geometry": {"type": "Point", "coordinates": [-78.22938, 5.9249]}, "properties": {"pga": 0.1094004}}, {"type": "Feature", "geometry": {"type": "Point", "coordinates": [-78.22932, 6.01483]}, "properties": {"pga": 0.109401}}, {"type": "Feature", "geometry": {"type": "Point", "coordinates": [-78.22926, 6.10476]}, "properties": {"pga": 0.1094015}}, {"type": "Feature", "geometry": {"type": "Point", "coordinates": [-78.2292, 6.1947]}, "properties": {"pga": 0.1094021}}, {"type": "Feature", "geometry": {"type": "Point", "coordinates": [-78.22913, 6.28463]}, "properties": {"pga": 0.1094029}}, {"type": "Feature", "geometry": {"type": "Point", "coordinates": [-78.22907, 6.37456]}, "properties": {"pga": 0.1094034}}, {"type": "Feature", "geometry": {"type": "Point", "coordinates": [-78.22901, 6.46449]}, "properties": {"pga": 0.1094038}}, {"type": "Feature", "geometry": {"type": "Point", "coordinates": [-78.22894, 6.55442]}, "properties": {"pga": 0.1094046}}, {"type": "Feature", "geometry": {"type": "Point", "coordinates": [-78.22888, 6.64436]}, "properties": {"pga": 0.109405}}, {"type": "Feature", "geometry": {"type": "Point", "coordinates": [-78.22881, 6.73429]}, "properties": {"pga": 0.1094057}}, {"type": "Feature", "geometry": {"type": "Point", "coordinates": [-78.22874, 6.82422]}, "properties": {"pga": 0.1094063}}, {"type": "Feature", "geometry": {"type": "Point", "coordinates": [-78.22867, 6.91415]}, "properties": {"pga": 0.1094069}}, {"type": "Feature", "geometry": {"type": "Point", "coordinates": [-78.2286, 7.00408]}, "properties": {"pga": 0.1094075}}, {"type": "Feature", "geometry": {"type": "Point", "coordinates": [-78.22853, 7.09402]}, "properties": {"pga": 0.109408}}, {"type": "Feature", "geometry": {"type": "Point", "coordinates": [-78.22846, 7.18395]}, "properties": {"pga": 0.1094082}}, {"type": "Feature", "geometry": {"type": "Point", "coordinates": [-78.22839, 7.27388]}, "properties": {"pga": 0.1094081}}, {"type": "Feature", "geometry": {"type": "Point", "coordinates": [-78.22832, 7.36381]}, "properties": {"pga": 0.1094072}}, {"type": "Feature", "geometry": {"type": "Point", "coordinates": [-78.22824, 7.45375]}, "properties": {"pga": 0.1094052}}, {"type": "Feature", "geometry": {"type": "Point", "coordinates": [-78.22817, 7.54368]}, "properties": {"pga": 0.1094003}}, {"type": "Feature", "geometry": {"type": "Point", "coordinates": [-78.22809, 7.63361]}, "properties": {"pga": 0.1093914}}, {"type": "Feature", "geometry": {"type": "Point", "coordinates": [-78.22801, 7.72354]}, "properties": {"pga": 0.109375}}, {"type": "Feature", "geometry": {"type": "Point", "coordinates": [-78.22794, 7.81347]}, "properties": {"pga": 0.1093461}}, {"type": "Feature", "geometry": {"type": "Point", "coordinates": [-78.22786, 7.90341]}, "properties": {"pga": 0.1092978}}, {"type": "Feature", "geometry": {"type": "Point", "coordinates": [-78.22778, 7.99334]}, "properties": {"pga": 0.1092183}}, {"type": "Feature", "geometry": {"type": "Point", "coordinates": [-78.2277, 8.08327]}, "properties": {"pga": 0.1090892}}, {"type": "Feature", "geometry": {"type": "Point", "coordinates": [-78.22762, 8.1732]}, "properties": {"pga": 0.1088821}}, {"type": "Feature", "geometry": {"type": "Point", "coordinates": [-78.22753, 8.26314]}, "properties": {"pga": 0.1085503}}, {"type": "Feature", "geometry": {"type": "Point", "coordinates": [-78.22745, 8.35307]}, "properties": {"pga": 0.1080152}}, {"type": "Feature", "geometry": {"type": "Point", "coordinates": [-78.22737, 8.443]}, "properties": {"pga": 0.1071358}}, {"type": "Feature", "geometry": {"type": "Point", "coordinates": [-78.22728, 8.53293]}, "properties": {"pga": 0.1056273}}, {"type": "Feature", "geometry": {"type": "Point", "coordinates": [-78.2272, 8.62286]}, "properties": {"pga": 0.1028027}}, {"type": "Feature", "geometry": {"type": "Point", "coordinates": [-78.22711, 8.7128]}, "properties": {"pga": 0.09531768}}, {"type": "Feature", "geometry": {"type": "Point", "coordinates": [-78.22702, 8.80273]}, "properties": {"pga": 0.07018632}}, {"type": "Feature", "geometry": {"type": "Point", "coordinates": [-78.1404, 3.76653]}, "properties": {"pga": 0.07166186}}, {"type": "Feature", "geometry": {"type": "Point", "coordinates": [-78.14036, 3.85646]}, "properties": {"pga": 0.09677427}}, {"type": "Feature", "geometry": {"type": "Point", "coordinates": [-78.14031, 3.94639]}, "properties": {"pga": 0.1040031}}, {"type": "Feature", "geometry": {"type": "Point", "coordinates": [-78.14026, 4.03632]}, "properties": {"pga": 0.1069019}}, {"type": "Feature", "geometry": {"type": "Point", "coordinates": [-78.14021, 4.12626]}, "properties": {"pga": 0.1084715}}, {"type": "Feature", "geometry": {"type": "Point", "coordinates": [-78.14016, 4.21619]}, "properties": {"pga": 0.1093938}}, {"type": "Feature", "geometry": {"type": "Point", "coordinates": [-78.1401, 4.30612]}, "properties": {"pga": 0.1099583}}, {"type": "Feature", "geometry": {"type": "Point", "coordinates": [-78.14005, 4.39605]}, "properties": {"pga": 0.1103092}}, {"type": "Feature", "geometry": {"type": "Point", "coordinates": [-78.13999, 4.48598]}, "properties": {"pga": 0.1105292}}, {"type": "Feature", "geometry": {"type": "Point", "coordinates": [-78.13994, 4.57592]}, "properties": {"pga": 0.1106664}}, {"type": "Feature", "geometry": {"type": "Point", "coordinates": [-78.13988, 4.66585]}, "properties": {"pga": 0.1107515}}, {"type": "Feature", "geometry": {"type": "Point", "coordinates": [-78.13982, 4.75578]}, "properties": {"pga": 0.1108035}}, {"type": "Feature", "geometry": {"type": "Point", "coordinates": [-78.13976, 4.84571]}, "properties": {"pga": 0.1108348}}, {"type": "Feature", "geometry": {"type": "Point", "coordinates": [-78.1397, 4.93565]}, "properties": {"pga": 0.1108532}}, {"type": "Feature", "geometry": {"type": "Point", "coordinates": [-78.13964, 5.02558]}, "properties": {"pga": 0.1108638}}, {"type": "Feature", "geometry": {"type": "Point", "coordinates": [-78.13958, 5.11551]}, "properties": {"pga": 0.1108696}}, {"type": "Feature", "geometry": {"type": "Point", "coordinates": [-78.13951, 5.20544]}, "properties": {"pga": 0.1108732}}, {"type": "Feature", "geometry": {"type": "Point", "coordinates": [-78.13945, 5.29537]}, "properties": {"pga": 0.1108749}}, {"type": "Feature", "geometry": {"type": "Point", "coordinates": [-78.13938, 5.38531]}, "properties": {"pga": 0.1108761}}, {"type": "Feature", "geometry": {"type": "Point", "coordinates": [-78.13931, 5.47524]}, "properties": {"pga": 0.1108769}}, {"type": "Feature", "geometry": {"type": "Point", "coordinates": [-78.13925, 5.56517]}, "properties": {"pga": 0.1108771}}, {"type": "Feature", "geometry": {"type": "Point", "coordinates": [-78.13918, 5.6551]}, "properties": {"pga": 0.1108776}}, {"type": "Feature", "geometry": {"type": "Point", "coordinates": [-78.13911, 5.74503]}, "properties": {"pga": 0.110878}}, {"type": "Feature", "geometry": {"type": "Point", "coordinates": [-78.13903, 5.83497]}, "properties": {"pga": 0.1108787}}, {"type": "Feature", "geometry": {"type": "Point", "coordinates": [-78.13896, 5.9249]}, "properties": {"pga": 0.110879}}, {"type": "Feature", "geometry": {"type": "Point", "coordinates": [-78.13889, 6.01483]}, "properties": {"pga": 0.1108793}}, {"type": "Feature", "geometry": {"type": "Point", "coordinates": [-78.13881, 6.10476]}, "properties": {"pga": 0.1108799}}, {"type": "Feature", "geometry": {"type": "Point", "coordinates": [-78.13873, 6.1947]}, "properties": {"pga": 0.1108804}}, {"type": "Feature", "geometry": {"type": "Point", "coordinates": [-78.13866, 6.28463]}, "properties": {"pga": 0.1108806}}, {"type": "Feature", "geometry": {"type": "Point", "coordinates": [-78.13858, 6.37456]}, "properties": {"pga": 0.1108811}}, {"type": "Feature", "geometry": {"type": "Point", "coordinates": [-78.1385, 6.46449]}, "properties": {"pga": 0.1108815}}, {"type": "Feature", "geometry": {"type": "Point", "coordinates": [-78.13842, 6.55442]}, "properties": {"pga": 0.1108819}}, {"type": "Feature", "geometry": {"type": "Point", "coordinates": [-78.13834, 6.64436]}, "properties": {"pga": 0.1108823}}, {"type": "Feature", "geometry": {"type": "Point", "coordinates": [-78.13825, 6.73429]}, "properties": {"pga": 0.1108829}}, {"type": "Feature", "geometry": {"type": "Point", "coordinates": [-78.13817, 6.82422]}, "properties": {"pga": 0.1108832}}, {"type": "Feature", "geometry": {"type": "Point", "coordinates": [-78.13808, 6.91415]}, "properties": {"pga": 0.1108837}}, {"type": "Feature", "geometry": {"type": "Point", "coordinates": [-78.13799, 7.00408]}, "properties": {"pga": 0.1108842}}, {"type": "Feature", "geometry": {"type": "Point", "coordinates": [-78.13791, 7.09402]}, "properties": {"pga": 0.1108843}}, {"type": "Feature", "geometry": {"type": "Point", "coordinates": [-78.13782, 7.18395]}, "properties": {"pga": 0.1108844}}, {"type": "Feature", "geometry": {"type": "Point", "coordinates": [-78.13773, 7.27388]}, "properties": {"pga": 0.1108842}}, {"type": "Feature", "geometry": {"type": "Point", "coordinates": [-78.13764, 7.36381]}, "properties": {"pga": 0.1108831}}, {"type": "Feature", "geometry": {"type": "Point", "coordinates": [-78.13754, 7.45375]}, "properties": {"pga": 0.1108808}}, {"type": "Feature", "geometry": {"type": "Point", "coordinates": [-78.13745, 7.54368]}, "properties": {"pga": 0.1108756}}, {"type": "Feature", "geometry": {"type": "Point", "coordinates": [-78.13736, 7.63361]}, "properties": {"pga": 0.1108659}}, {"type": "Feature", "geometry": {"type": "Point", "coordinates": [-78.13726, 7.72354]}, "properties": {"pga": 0.1108487}}, {"type": "Feature", "geometry": {"type": "Point", "coordinates": [-78.13716, 7.81347]}, "properties": {"pga": 0.1108187}}, {"type": "Feature", "geometry": {"type": "Point", "coordinates": [-78.13706, 7.90341]}, "properties": {"pga": 0.1107681}}, {"type": "Feature", "geometry": {"type": "Point", "coordinates": [-78.13696, 7.99334]}, "properties": {"pga": 0.1106847}}, {"type": "Feature", "geometry": {"type": "Point", "coordinates": [-78.13686, 8.08327]}, "properties": {"pga": 0.1105494}}, {"type": "Feature", "geometry": {"type": "Point", "coordinates": [-78.13676, 8.1732]}, "properties": {"pga": 0.1103319}}, {"type": "Feature", "geometry": {"type": "Point", "coordinates": [-78.13666, 8.26314]}, "properties": {"pga": 0.1099832}}, {"type": "Feature", "geometry": {"type": "Point", "coordinates": [-78.13655, 8.35307]}, "properties": {"pga": 0.1094219}}, {"type": "Feature", "geometry": {"type": "Point", "coordinates": [-78.13645, 8.443]}, "properties": {"pga": 0.108502}}, {"type": "Feature", "geometry": {"type": "Point", "coordinates": [-78.13634, 8.53293]}, "properties": {"pga": 0.1069345}}, {"type": "Feature", "geometry": {"type": "Point", "coordinates": [-78.13623, 8.62286]}, "properties": {"pga": 0.1040359}}, {"type": "Feature", "geometry": {"type": "Point", "coordinates": [-78.13613, 8.7128]}, "properties": {"pga": 0.0968063}}, {"type": "Feature", "geometry": {"type": "Point", "coordinates": [-78.13602, 8.80273]}, "properties": {"pga": 0.07168344}}, {"type": "Feature", "geometry": {"type": "Point", "coordinates": [-78.05028, 3.76653]}, "properties": {"pga": 0.07255628}}, {"type": "Feature", "geometry": {"type": "Point", "coordinates": [-78.05022, 3.85646]}, "properties": {"pga": 0.09761178}}, {"type": "Feature", "geometry": {"type": "Point", "coordinates": [-78.05016, 3.94639]}, "properties": {"pga": 0.1046777}}, {"type": "Feature", "geometry": {"type": "Point", "coordinates": [-78.0501, 4.03632]}, "properties": {"pga": 0.1076138}}, {"type": "Feature", "geometry": {"type": "Point", "coordinates": [-78.05004, 4.12626]}, "properties": {"pga": 0.1092186}}, {"type": "Feature", "geometry": {"type": "Point", "coordinates": [-78.04998, 4.21619]}, "properties": {"pga": 0.110168}}, {"type": "Feature", "geometry": {"type": "Point", "coordinates": [-78.04992, 4.30612]}, "properties": {"pga": 0.1107513}}, {"type": "Feature", "geometry": {"type": "Point", "coordinates": [-78.04985, 4.39605]}, "properties": {"pga": 0.1111157}}, {"type": "Feature", "geometry": {"type": "Point", "coordinates": [-78.04979, 4.48598]}, "properties": {"pga": 0.111344}}, {"type": "Feature", "geometry": {"type": "Point", "coordinates": [-78.04972, 4.57592]}, "properties": {"pga": 0.1114868}}, {"type": "Feature", "geometry": {"type": "Point", "coordinates": [-78.04965, 4.66585]}, "properties": {"pga": 0.1115753}}, {"type": "Feature", "geometry": {"type": "Point", "coordinates": [-78.04958, 4.75578]}, "properties": {"pga": 0.1116294}}, {"type": "Feature", "geometry": {"type": "Point", "coordinates": [-78.04951, 4.84571]}, "properties": {"pga": 0.1116618}}, {"type": "Feature", "geometry": {"type": "Point", "coordinates": [-78.04944, 4.93565]}, "properties": {"pga": 0.1116808}}, {"type": "Feature", "geometry": {"type": "Point", "coordinates": [-78.04936, 5.02558]}, "properties": {"pga": 0.1116919}}, {"type": "Feature", "geometry": {"type": "Point", "coordinates": [-78.04929, 5.11551]}, "properties": {"pga": 0.1116979}}, {"type": "Feature", "geometry": {"type": "Point", "coordinates": [-78.04921, 5.20544]}, "properties": {"pga": 0.1117013}}, {"type": "Feature", "geometry": {"type": "Point", "coordinates": [-78.04913, 5.29537]}, "properties": {"pga": 0.1117032}}, {"type": "Feature", "geometry": {"type": "Point", "coordinates": [-78.04905, 5.38531]}, "properties": {"pga": 0.1117043}}, {"type": "Feature", "geometry": {"type": "Point", "coordinates": [-78.04897, 5.47524]}, "properties": {"pga": 0.1117049}}, {"type": "Feature", "geometry": {"type": "Point", "coordinates": [-78.04889, 5.56517]}, "properties": {"pga": 0.1117054}}, {"type": "Feature", "geometry": {"type": "Point", "coordinates": [-78.0488, 5.6551]}, "properties": {"pga": 0.1117059}}, {"type": "Feature", "geometry": {"type": "Point", "coordinates": [-78.04872, 5.74503]}, "properties": {"pga": 0.1117061}}, {"type": "Feature", "geometry": {"type": "Point", "coordinates": [-78.04863, 5.83497]}, "properties": {"pga": 0.1117066}}, {"type": "Feature", "geometry": {"type": "Point", "coordinates": [-78.04855, 5.9249]}, "properties": {"pga": 0.1117068}}, {"type": "Feature", "geometry": {"type": "Point", "coordinates": [-78.04846, 6.01483]}, "properties": {"pga": 0.1117071}}, {"type": "Feature", "geometry": {"type": "Point", "coordinates": [-78.04837, 6.10476]}, "properties": {"pga": 0.1117075}}, {"type": "Feature", "geometry": {"type": "Point", "coordinates": [-78.04827, 6.1947]}, "properties": {"pga": 0.111708}}, {"type": "Feature", "geometry": {"type": "Point", "coordinates": [-78.04818, 6.28463]}, "properties": {"pga": 0.1117083}}, {"type": "Feature", "geometry": {"type": "Point", "coordinates": [-78.04809, 6.37456]}, "properties": {"pga": 0.1117085}}, {"type": "Feature", "geometry": {"type": "Point", "coordinates": [-78.04799, 6.46449]}, "properties": {"pga": 0.111709}}, {"type": "Feature", "geometry": {"type": "Point", "coordinates": [-78.04789, 6.55442]}, "properties": {"pga": 0.1117094}}, {"type": "Feature", "geometry": {"type": "Point", "coordinates": [-78.04779, 6.64436]}, "properties": {"pga": 0.1117098}}, {"type": "Feature", "geometry": {"type": "Point", "coordinates": [-78.04769, 6.73429]}, "properties": {"pga": 0.1117101}}, {"type": "Feature", "geometry": {"type": "Point", "coordinates": [-78.04759, 6.82422]}, "properties": {"pga": 0.1117104}}, {"type": "Feature", "geometry": {"type": "Point", "coordinates": [-78.04749, 6.91415]}, "properties": {"pga": 0.1117107}}, {"type": "Feature", "geometry": {"type": "Point", "coordinates": [-78.04739, 7.00408]}, "properties": {"pga": 0.1117109}}, {"type": "Feature", "geometry": {"type": "Point", "coordinates": [-78.04728, 7.09402]}, "properties": {"pga": 0.1117112}}, {"type": "Feature", "geometry": {"type": "Point", "coordinates": [-78.04717, 7.18395]}, "properties": {"pga": 0.1117113}}, {"type": "Feature", "geometry": {"type": "Point", "coordinates": [-78.04707, 7.27388]}, "properties": {"pga": 0.1117107}}, {"type": "Feature", "geometry": {"type": "Point", "coordinates": [-78.04696, 7.36381]}, "properties": {"pga": 0.1117096}}, {"type": "Feature", "geometry": {"type": "Point", "coordinates": [-78.04685, 7.45375]}, "properties": {"pga": 0.1117069}}, {"type": "Feature", "geometry": {"type": "Point", "coordinates": [-78.04673, 7.54368]}, "properties": {"pga": 0.1117018}}, {"type": "Feature", "geometry": {"type": "Point", "coordinates": [-78.04662, 7.63361]}, "properties": {"pga": 0.1116916}}, {"type": "Feature", "geometry": {"type": "Point", "coordinates": [-78.0465, 7.72354]}, "properties": {"pga": 0.1116737}}, {"type": "Feature", "geometry": {"type": "Point", "coordinates": [-78.04639, 7.81347]}, "properties": {"pga": 0.1116425}}, {"type": "Feature", "geometry": {"type": "Point", "coordinates": [-78.04627, 7.90341]}, "properties": {"pga": 0.1115901}}, {"type": "Feature", "geometry": {"type": "Point", "coordinates": [-78.04615, 7.99334]}, "properties": {"pga": 0.1115037}}, {"type": "Feature", "geometry": {"type": "Point", "coordinates": [-78.04603, 8.08327]}, "properties": {"pga": 0.1113635}}, {"type": "Feature", "geometry": {"type": "Point", "coordinates": [-78.04591, 8.1732]}, "properties": {"pga": 0.1111382}}, {"type": "Feature", "geometry": {"type": "Point", "coordinates": [-78.04578, 8.26314]}, "properties": {"pga": 0.1107779}}, {"type": "Feature", "geometry": {"type": "Point", "coordinates": [-78.04566, 8.35307]}, "properties": {"pga": 0.1101989}}, {"type": "Feature", "geometry": {"type": "Point", "coordinates": [-78.04553, 8.443]}, "properties": {"pga": 0.109254}}, {"type": "Feature", "geometry": {"type": "Point", "coordinates": [-78.0454, 8.53293]}, "properties": {"pga": 0.1076538}}, {"type": "Feature", "geometry": {"type": "Point", "coordinates": [-78.04527, 8.62286]}, "properties": {"pga": 0.1047206}}, {"type": "Feature", "geometry": {"type": "Point", "coordinates": [-78.04514, 8.7128]}, "properties": {"pga": 0.09766082}}, {"type": "Feature", "geometry": {"type": "Point", "coordinates": [-78.04501, 8.80273]}, "properties": {"pga": 0.07260436}}, {"type": "Feature", "geometry": {"type": "Point", "coordinates": [-77.96015, 3.76653]}, "properties": {"pga": 0.07310906}}, {"type": "Feature", "geometry": {"type": "Point", "coordinates": [-77.96008, 3.85646]}, "properties": {"pga": 0.09809768}}, {"type": "Feature", "geometry": {"type": "Point", "coordinates": [-77.96002, 3.94639]}, "properties": {"pga": 0.1050595}}, {"type": "Feature", "geometry": {"type": "Point", "coordinates": [-77.95995, 4.03632]}, "properties": {"pga": 0.1080136}}, {"type": "Feature", "geometry": {"type": "Point", "coordinates": [-77.95988, 4.12626]}, "properties": {"pga": 0.1096381}}, {"type": "Feature", "geometry": {"type": "Point", "coordinates": [-77.9598, 4.21619]}, "properties": {"pga": 0.1106044}}, {"type": "Feature", "geometry": {"type": "Point", "coordinates": [-77.95973, 4.30612]}, "properties": {"pga": 0.1112004}}, {"type": "Feature", "geometry": {"type": "Point", "coordinates": [-77.95965, 4.39605]}, "properties": {"pga": 0.1115739}}, {"type": "Feature", "geometry": {"type": "Point", "coordinates": [-77.95958, 4.48598]}, "properties": {"pga": 0.1118084}}, {"type": "Feature", "geometry": {"type": "Point", "coordinates": [-77.9595, 4.57592]}, "properties": {"pga": 0.1119553}}, {"type": "Feature", "geometry": {"type": "Point", "coordinates": [-77.95942, 4.66585]}, "properties": {"pga": 0.1120464}}, {"type": "Feature", "geometry": {"type": "Point", "coordinates": [-77.95934, 4.75578]}, "properties": {"pga": 0.1121021}}, {"type": "Feature", "geometry": {"type": "Point", "coordinates": [-77.95925, 4.84571]}, "properties": {"pga": 0.1121356}}, {"type": "Feature", "geometry": {"type": "Point", "coordinates": [-77.95917, 4.93565]}, "properties": {"pga": 0.1121551}}, {"type": "Feature", "geometry": {"type": "Point", "coordinates": [-77.95908, 5.02558]}, "properties": {"pga": 0.1121665}}, {"type": "Feature", "geometry": {"type": "Point", "coordinates": [-77.95899, 5.11551]}, "properties": {"pga": 0.1121728}}, {"type": "Feature", "geometry": {"type": "Point", "coordinates": [-77.9589, 5.20544]}, "properties": {"pga": 0.1121762}}, {"type": "Feature", "geometry": {"type": "Point", "coordinates": [-77.95881, 5.29537]}, "properties": {"pga": 0.1121781}}, {"type": "Feature", "geometry": {"type": "Point", "coordinates": [-77.95872, 5.38531]}, "properties": {"pga": 0.1121791}}, {"type": "Feature", "geometry": {"type": "Point", "coordinates": [-77.95863, 5.47524]}, "properties": {"pga": 0.1121796}}, {"type": "Feature", "geometry": {"type": "Point", "coordinates": [-77.95853, 5.56517]}, "properties": {"pga": 0.1121801}}, {"type": "Feature", "geometry": {"type": "Point", "coordinates": [-77.95843, 5.6551]}, "properties": {"pga": 0.1121805}}, {"type": "Feature", "geometry": {"type": "Point", "coordinates": [-77.95833, 5.74503]}, "properties": {"pga": 0.1121809}}, {"type": "Feature", "geometry": {"type": "Point", "coordinates": [-77.95823, 5.83497]}, "properties": {"pga": 0.1121812}}, {"type": "Feature", "geometry": {"type": "Point", "coordinates": [-77.95813, 5.9249]}, "properties": {"pga": 0.1121814}}, {"type": "Feature", "geometry": {"type": "Point", "coordinates": [-77.95803, 6.01483]}, "properties": {"pga": 0.1121817}}, {"type": "Feature", "geometry": {"type": "Point", "coordinates": [-77.95792, 6.10476]}, "properties": {"pga": 0.1121821}}, {"type": "Feature", "geometry": {"type": "Point", "coordinates": [-77.95781, 6.1947]}, "properties": {"pga": 0.1121824}}, {"type": "Feature", "geometry": {"type": "Point", "coordinates": [-77.95771, 6.28463]}, "properties": {"pga": 0.1121826}}, {"type": "Feature", "geometry": {"type": "Point", "coordinates": [-77.9576, 6.37456]}, "properties": {"pga": 0.1121829}}, {"type": "Feature", "geometry": {"type": "Point", "coordinates": [-77.95748, 6.46449]}, "properties": {"pga": 0.1121833}}, {"type": "Feature", "geometry": {"type": "Point", "coordinates": [-77.95737, 6.55442]}, "properties": {"pga": 0.1121835}}, {"type": "Feature", "geometry": {"type": "Point", "coordinates": [-77.95725, 6.64436]}, "properties": {"pga": 0.1121839}}, {"type": "Feature", "geometry": {"type": "Point", "coordinates": [-77.95714, 6.73429]}, "properties": {"pga": 0.1121842}}, {"type": "Feature", "geometry": {"type": "Point", "coordinates": [-77.95702, 6.82422]}, "properties": {"pga": 0.1121844}}, {"type": "Feature", "geometry": {"type": "Point", "coordinates": [-77.9569, 6.91415]}, "properties": {"pga": 0.1121847}}, {"type": "Feature", "geometry": {"type": "Point", "coordinates": [-77.95678, 7.00408]}, "properties": {"pga": 0.1121849}}, {"type": "Feature", "geometry": {"type": "Point", "coordinates": [-77.95666, 7.09402]}, "properties": {"pga": 0.1121851}}, {"type": "Feature", "geometry": {"type": "Point", "coordinates": [-77.95653, 7.18395]}, "properties": {"pga": 0.1121851}}, {"type": "Feature", "geometry": {"type": "Point", "coordinates": [-77.9564, 7.27388]}, "properties": {"pga": 0.1121847}}, {"type": "Feature", "geometry": {"type": "Point", "coordinates": [-77.95628, 7.36381]}, "properties": {"pga": 0.1121834}}, {"type": "Feature", "geometry": {"type": "Point", "coordinates": [-77.95615, 7.45375]}, "properties": {"pga": 0.1121807}}, {"type": "Feature", "geometry": {"type": "Point", "coordinates": [-77.95602, 7.54368]}, "properties": {"pga": 0.1121752}}, {"type": "Feature", "geometry": {"type": "Point", "coordinates": [-77.95588, 7.63361]}, "properties": {"pga": 0.112165}}, {"type": "Feature", "geometry": {"type": "Point", "coordinates": [-77.95575, 7.72354]}, "properties": {"pga": 0.1121464}}, {"type": "Feature", "geometry": {"type": "Point", "coordinates": [-77.95561, 7.81347]}, "properties": {"pga": 0.1121146}}, {"type": "Feature", "geometry": {"type": "Point", "coordinates": [-77.95547, 7.90341]}, "properties": {"pga": 0.112061}}, {"type": "Feature", "geometry": {"type": "Point", "coordinates": [-77.95534, 7.99334]}, "properties": {"pga": 0.1119726}}, {"type": "Feature", "geometry": {"type": "Point", "coordinates": [-77.95519, 8.08327]}, "properties": {"pga": 0.1118295}}, {"type": "Feature", "geometry": {"type": "Point", "coordinates": [-77.95505, 8.1732]}, "properties": {"pga": 0.1115996}}, {"type": "Feature", "geometry": {"type": "Point", "coordinates": [-77.95491, 8.26314]}, "properties": {"pga": 0.1112323}}, {"type": "Feature", "geometry": {"type": "Point", "coordinates": [-77.95476, 8.35307]}, "properties": {"pga": 0.1106436}}, {"type": "Feature", "geometry": {"type": "Point", "coordinates": [-77.95461, 8.443]}, "properties": {"pga": 0.1096861}}, {"type": "Feature", "geometry": {"type": "Point", "coordinates": [-77.95447, 8.53293]}, "properties": {"pga": 0.1080709}}, {"type": "Feature", "geometry": {"type": "Point", "coordinates": [-77.95431, 8.62286]}, "properties": {"pga": 0.105125}}, {"type": "Feature", "geometry": {"type": "Point", "coordinates": [-77.95416, 8.7128]}, "properties": {"pga": 0.09818348}}, {"type": "Feature", "geometry": {"type": "Point", "coordinates": [-77.95401, 8.80273]}, "properties": {"pga": 0.07320768}}, {"type": "Feature", "geometry": {"type": "Point", "coordinates": [-77.87002, 3.76653]}, "properties": {"pga": 0.07345381}}, {"type": "Feature", "geometry": {"type": "Point", "coordinates": [-77.86995, 3.85646]}, "properties": {"pga": 0.09838054}}, {"type": "Feature", "geometry": {"type": "Point", "coordinates": [-77.86987, 3.94639]}, "properties": {"pga": 0.1052776}}, {"type": "Feature", "geometry": {"type": "Point", "coordinates": [-77.86979, 4.03632]}, "properties": {"pga": 0.1082403}}, {"type": "Feature", "geometry": {"type": "Point", "coordinates": [-77.86971, 4.12626]}, "properties": {"pga": 0.1098754}}, {"type": "Feature", "geometry": {"type": "Point", "coordinates": [-77.86963, 4.21619]}, "properties": {"pga": 0.1108513}}, {"type": "Feature", "geometry": {"type": "Point", "coordinates": [-77.86954, 4.30612]}, "properties": {"pga": 0.1114555}}, {"type": "Feature", "geometry": {"type": "Point", "coordinates": [-77.86946, 4.39605]}, "properties": {"pga": 0.1118345}}, {"type": "Feature", "geometry": {"type": "Point", "coordinates": [-77.86937, 4.48598]}, "properties": {"pga": 0.1120735}}, {"type": "Feature", "geometry": {"type": "Point", "coordinates": [-77.86928, 4.57592]}, "properties": {"pga": 0.1122233}}, {"type": "Feature", "geometry": {"type": "Point", "coordinates": [-77.86919, 4.66585]}, "properties": {"pga": 0.1123163}}, {"type": "Feature", "geometry": {"type": "Point", "coordinates": [-77.86909, 4.75578]}, "properties": {"pga": 0.1123733}}, {"type": "Feature", "geometry": {"type": "Point", "coordinates": [-77.869, 4.84571]}, "properties": {"pga": 0.1124073}}, {"type": "Feature", "geometry": {"type": "Point", "coordinates": [-77.8689, 4.93565]}, "properties": {"pga": 0.1124275}}, {"type": "Feature", "geometry": {"type": "Point", "coordinates": [-77.8688, 5.02558]}, "properties": {"pga": 0.112439}}, {"type": "Feature", "geometry": {"type": "Point", "coordinates": [-77.8687, 5.11551]}, "properties": {"pga": 0.1124453}}, {"type": "Feature", "geometry": {"type": "Point", "coordinates": [-77.8686, 5.20544]}, "properties": {"pga": 0.1124488}}, {"type": "Feature", "geometry": {"type": "Point", "coordinates": [-77.8685, 5.29537]}, "properties": {"pga": 0.1124506}}, {"type": "Feature", "geometry": {"type": "Point", "coordinates": [-77.86839, 5.38531]}, "properties": {"pga": 0.1124517}}, {"type": "Feature", "geometry": {"type": "Point", "coordinates": [-77.86828, 5.47524]}, "properties": {"pga": 0.1124524}}, {"type": "Feature", "geometry": {"type": "Point", "coordinates": [-77.86817, 5.56517]}, "properties": {"pga": 0.1124528}}, {"type": "Feature", "geometry": {"type": "Point", "coordinates": [-77.86806, 5.6551]}, "properties": {"pga": 0.1124531}}, {"type": "Feature", "geometry": {"type": "Point", "coordinates": [-77.86795, 5.74503]}, "properties": {"pga": 0.1124533}}, {"type": "Feature", "geometry": {"type": "Point", "coordinates": [-77.86783, 5.83497]}, "properties": {"pga": 0.1124537}}, {"type": "Feature", "geometry": {"type": "Point", "coordinates": [-77.86772, 5.9249]}, "properties": {"pga": 0.1124539}}, {"type": "Feature", "geometry": {"type": "Point", "coordinates": [-77.8676, 6.01483]}, "properties": {"pga": 0.1124541}}, {"type": "Feature", "geometry": {"type": "Point", "coordinates": [-77.86748, 6.10476]}, "properties": {"pga": 0.1124544}}, {"type": "Feature", "geometry": {"type": "Point", "coordinates": [-77.86735, 6.1947]}, "properties": {"pga": 0.1124548}}, {"type": "Feature", "geometry": {"type": "Point", "coordinates": [-77.86723, 6.28463]}, "properties": {"pga": 0.112455}}, {"type": "Feature", "geometry": {"type": "Point", "coordinates": [-77.8671, 6.37456]}, "properties": {"pga": 0.1124554}}, {"type": "Feature", "geometry": {"type": "Point", "coordinates": [-77.86698, 6.46449]}, "properties": {"pga": 0.1124555}}, {"type": "Feature", "geometry": {"type": "Point", "coordinates": [-77.86685, 6.55442]}, "properties": {"pga": 0.1124558}}, {"type": "Feature", "geometry": {"type": "Point", "coordinates": [-77.86671, 6.64436]}, "properties": {"pga": 0.1124562}}, {"type": "Feature", "geometry": {"type": "Point", "coordinates": [-77.86658, 6.73429]}, "properties": {"pga": 0.1124564}}, {"type": "Feature", "geometry": {"type": "Point", "coordinates": [-77.86645, 6.82422]}, "properties": {"pga": 0.1124566}}, {"type": "Feature", "geometry": {"type": "Point", "coordinates": [-77.86631, 6.91415]}, "properties": {"pga": 0.1124569}}, {"type": "Feature", "geometry": {"type": "Point", "coordinates": [-77.86617, 7.00408]}, "properties": {"pga": 0.1124572}}, {"type": "Feature", "geometry": {"type": "Point", "coordinates": [-77.86603, 7.09402]}, "properties": {"pga": 0.1124573}}, {"type": "Feature", "geometry": {"type": "Point", "coordinates": [-77.86589, 7.18395]}, "properties": {"pga": 0.1124572}}, {"type": "Feature", "geometry": {"type": "Point", "coordinates": [-77.86574, 7.27388]}, "properties": {"pga": 0.1124568}}, {"type": "Feature", "geometry": {"type": "Point", "coordinates": [-77.8656, 7.36381]}, "properties": {"pga": 0.1124554}}, {"type": "Feature", "geometry": {"type": "Point", "coordinates": [-77.86545, 7.45375]}, "properties": {"pga": 0.1124527}}, {"type": "Feature", "geometry": {"type": "Point", "coordinates": [-77.8653, 7.54368]}, "properties": {"pga": 0.1124472}}, {"type": "Feature", "geometry": {"type": "Point", "coordinates": [-77.86515, 7.63361]}, "properties": {"pga": 0.1124367}}, {"type": "Feature", "geometry": {"type": "Point", "coordinates": [-77.86499, 7.72354]}, "properties": {"pga": 0.1124182}}, {"type": "Feature", "geometry": {"type": "Point", "coordinates": [-77.86484, 7.81347]}, "properties": {"pga": 0.1123859}}, {"type": "Feature", "geometry": {"type": "Point", "coordinates": [-77.86468, 7.90341]}, "properties": {"pga": 0.1123318}}, {"type": "Feature", "geometry": {"type": "Point", "coordinates": [-77.86452, 7.99334]}, "properties": {"pga": 0.1122426}}, {"type": "Feature", "geometry": {"type": "Point", "coordinates": [-77.86436, 8.08327]}, "properties": {"pga": 0.1120981}}, {"type": "Feature", "geometry": {"type": "Point", "coordinates": [-77.8642, 8.1732]}, "properties": {"pga": 0.1118665}}, {"type": "Feature", "geometry": {"type": "Point", "coordinates": [-77.86403, 8.26314]}, "properties": {"pga": 0.111497}}, {"type": "Feature", "geometry": {"type": "Point", "coordinates": [-77.86387, 8.35307]}, "properties": {"pga": 0.1109055}}, {"type": "Feature", "geometry": {"type": "Point", "coordinates": [-77.8637, 8.443]}, "properties": {"pga": 0.1099453}}, {"type": "Feature", "geometry": {"type": "Point", "coordinates": [-77.86353, 8.53293]}, "properties": {"pga": 0.1083288}}, {"type": "Feature", "geometry": {"type": "Point", "coordinates": [-77.86335, 8.62286]}, "properties": {"pga": 0.1053858}}, {"type": "Feature", "geometry": {"type": "Point", "coordinates": [-77.86318, 8.7128]}, "properties": {"pga": 0.0985379}}, {"type": "Feature", "geometry": {"type": "Point", "coordinates": [-77.863, 8.80273]}, "properties": {"pga": 0.07364646}}, {"type": "Feature", "geometry": {"type": "Point", "coordinates": [-77.7799, 3.76653]}, "properties": {"pga": 0.07366851}}, {"type": "Feature", "geometry": {"type": "Point", "coordinates": [-77.77981, 3.85646]}, "properties": {"pga": 0.09854349}}, {"type": "Feature", "geometry": {"type": "Point", "coordinates": [-77.77972, 3.94639]}, "properties": {"pga": 0.105401}}, {"type": "Feature", "geometry": {"type": "Point", "coordinates": [-77.77963, 4.03632]}, "properties": {"pga": 0.1083676}}, {"type": "Feature", "geometry": {"type": "Point", "coordinates": [-77.77954, 4.12626]}, "properties": {"pga": 0.1100084}}, {"type": "Feature", "geometry": {"type": "Point", "coordinates": [-77.77945, 4.21619]}, "properties": {"pga": 0.1109899}}, {"type": "Feature", "geometry": {"type": "Point", "coordinates": [-77.77936, 4.30612]}, "properties": {"pga": 0.1115986}}, {"type": "Feature", "geometry": {"type": "Point", "coordinates": [-77.77926, 4.39605]}, "properties": {"pga": 0.1119815}}, {"type": "Feature", "geometry": {"type": "Point", "coordinates": [-77.77916, 4.48598]}, "properties": {"pga": 0.1122231}}, {"type": "Feature", "geometry": {"type": "Point", "coordinates": [-77.77906, 4.57592]}, "properties": {"pga": 0.1123748}}, {"type": "Feature", "geometry": {"type": "Point", "coordinates": [-77.77896, 4.66585]}, "properties": {"pga": 0.112469}}, {"type": "Feature", "geometry": {"type": "Point", "coordinates": [-77.77885, 4.75578]}, "properties": {"pga": 0.1125268}}, {"type": "Feature", "geometry": {"type": "Point", "coordinates": [-77.77874, 4.84571]}, "properties": {"pga": 0.1125615}}, {"type": "Feature", "geometry": {"type": "Point", "coordinates": [-77.77863, 4.93565]}, "properties": {"pga": 0.1125819}}, {"type": "Feature", "geometry": {"type": "Point", "coordinates": [-77.77852, 5.02558]}, "properties": {"pga": 0.1125935}}, {"type": "Feature", "geometry": {"type": "Point", "coordinates": [-77.77841, 5.11551]}, "properties": {"pga": 0.1125999}}, {"type": "Feature", "geometry": {"type": "Point", "coordinates": [-77.7783, 5.20544]}, "properties": {"pga": 0.1126033}}, {"type": "Feature", "geometry": {"type": "Point", "coordinates": [-77.77818, 5.29537]}, "properties": {"pga": 0.1126053}}, {"type": "Feature", "geometry": {"type": "Point", "coordinates": [-77.77806, 5.38531]}, "properties": {"pga": 0.1126063}}, {"type": "Feature", "geometry": {"type": "Point", "coordinates": [-77.77794, 5.47524]}, "properties": {"pga": 0.1126069}}, {"type": "Feature", "geometry": {"type": "Point", "coordinates": [-77.77781, 5.56517]}, "properties": {"pga": 0.1126074}}, {"type": "Feature", "geometry": {"type": "Point", "coordinates": [-77.77769, 5.6551]}, "properties": {"pga": 0.1126076}}, {"type": "Feature", "geometry": {"type": "Point", "coordinates": [-77.77756, 5.74503]}, "properties": {"pga": 0.112608}}, {"type": "Feature", "geometry": {"type": "Point", "coordinates": [-77.77743, 5.83497]}, "properties": {"pga": 0.1126082}}, {"type": "Feature", "geometry": {"type": "Point", "coordinates": [-77.7773, 5.9249]}, "properties": {"pga": 0.1126085}}, {"type": "Feature", "geometry": {"type": "Point", "coordinates": [-77.77717, 6.01483]}, "properties": {"pga": 0.1126087}}, {"type": "Feature", "geometry": {"type": "Point", "coordinates": [-77.77703, 6.10476]}, "properties": {"pga": 0.1126091}}, {"type": "Feature", "geometry": {"type": "Point", "coordinates": [-77.77689, 6.1947]}, "properties": {"pga": 0.1126094}}, {"type": "Feature", "geometry": {"type": "Point", "coordinates": [-77.77675, 6.28463]}, "properties": {"pga": 0.1126097}}, {"type": "Feature", "geometry": {"type": "Point", "coordinates": [-77.77661, 6.37456]}, "properties": {"pga": 0.1126099}}, {"type": "Feature", "geometry": {"type": "Point", "coordinates": [-77.77647, 6.46449]}, "properties": {"pga": 0.1126101}}, {"type": "Feature", "geometry": {"type": "Point", "coordinates": [-77.77632, 6.55442]}, "properties": {"pga": 0.1126104}}, {"type": "Feature", "geometry": {"type": "Point", "coordinates": [-77.77617, 6.64436]}, "properties": {"pga": 0.1126107}}, {"type": "Feature", "geometry": {"type": "Point", "coordinates": [-77.77602, 6.73429]}, "properties": {"pga": 0.1126109}}, {"type": "Feature", "geometry": {"type": "Point", "coordinates": [-77.77587, 6.82422]}, "properties": {"pga": 0.1126111}}, {"type": "Feature", "geometry": {"type": "Point", "coordinates": [-77.77572, 6.91415]}, "properties": {"pga": 0.1126113}}, {"type": "Feature", "geometry": {"type": "Point", "coordinates": [-77.77556, 7.00408]}, "properties": {"pga": 0.1126116}}, {"type": "Feature", "geometry": {"type": "Point", "coordinates": [-77.7754, 7.09402]}, "properties": {"pga": 0.1126117}}, {"type": "Feature", "geometry": {"type": "Point", "coordinates": [-77.77524, 7.18395]}, "properties": {"pga": 0.1126116}}, {"type": "Feature", "geometry": {"type": "Point", "coordinates": [-77.77508, 7.27388]}, "properties": {"pga": 0.1126112}}, {"type": "Feature", "geometry": {"type": "Point", "coordinates": [-77.77492, 7.36381]}, "properties": {"pga": 0.1126099}}, {"type": "Feature", "geometry": {"type": "Point", "coordinates": [-77.77475, 7.45375]}, "properties": {"pga": 0.1126071}}, {"type": "Feature", "geometry": {"type": "Point", "coordinates": [-77.77458, 7.54368]}, "properties": {"pga": 0.1126016}}, {"type": "Feature", "geometry": {"type": "Point", "coordinates": [-77.77441, 7.63361]}, "properties": {"pga": 0.1125912}}, {"type": "Feature", "geometry": {"type": "Point", "coordinates": [-77.77424, 7.72354]}, "properties": {"pga": 0.1125725}}, {"type": "Feature", "geometry": {"type": "Point", "coordinates": [-77.77406, 7.81347]}, "properties": {"pga": 0.1125404}}, {"type": "Feature", "geometry": {"type": "Point", "coordinates": [-77.77389, 7.90341]}, "properties": {"pga": 0.1124863}}, {"type": "Feature", "geometry": {"type": "Point", "coordinates": [-77.77371, 7.99334]}, "properties": {"pga": 0.1123972}}, {"type": "Feature", "geometry": {"type": "Point", "coordinates": [-77.77352, 8.08327]}, "properties": {"pga": 0.1122532}}, {"type": "Feature", "geometry": {"type": "Point", "coordinates": [-77.77334, 8.1732]}, "properties": {"pga": 0.1120224}}, {"type": "Feature", "geometry": {"type": "Point", "coordinates": [-77.77316, 8.26314]}, "properties": {"pga": 0.1116545}}, {"type": "Feature", "geometry": {"type": "Point", "coordinates": [-77.77297, 8.35307]}, "properties": {"pga": 0.1110668}}, {"type": "Feature", "geometry": {"type": "Point", "coordinates": [-77.77278, 8.443]}, "properties": {"pga": 0.1101136}}, {"type": "Feature", "geometry": {"type": "Point", "coordinates": [-77.77259, 8.53293]}, "properties": {"pga": 0.10851}}, {"type": "Feature", "geometry": {"type": "Point", "coordinates": [-77.77239, 8.62286]}, "properties": {"pga": 0.1055885}}, {"type": "Feature", "geometry": {"type": "Point", "coordinates": [-77.7722, 8.7128]}, "properties": {"pga": 0.09884178}}, {"type": "Feature", "geometry": {"type": "Point", "coordinates": [-77.772, 8.80273]}, "properties": {"pga": 0.07404371}}, {"type": "Feature", "geometry": {"type": "Point", "coordinates": [-77.68977, 3.76653]}, "properties": {"pga": 0.0738011}}, {"type": "Feature", "geometry": {"type": "Point", "coordinates": [-77.68967, 3.85646]}, "properties": {"pga": 0.09863542}}, {"type": "Feature", "geometry": {"type": "Point", "coordinates": [-77.68958, 3.94639]}, "properties": {"pga": 0.1054692}}, {"type": "Feature", "geometry": {"type": "Point", "coordinates": [-77.68948, 4.03632]}, "properties": {"pga": 0.1084376}}, {"type": "Feature", "geometry": {"type": "Point", "coordinates": [-77.68938, 4.12626]}, "properties": {"pga": 0.1100814}}, {"type": "Feature", "geometry": {"type": "Point", "coordinates": [-77.68927, 4.21619]}, "properties": {"pga": 0.1110661}}, {"type": "Feature", "geometry": {"type": "Point", "coordinates": [-77.68917, 4.30612]}, "properties": {"pga": 0.1116774}}, {"type": "Feature", "geometry": {"type": "Point", "coordinates": [-77.68906, 4.39605]}, "properties": {"pga": 0.1120626}}, {"type": "Feature", "geometry": {"type": "Point", "coordinates": [-77.68895, 4.48598]}, "properties": {"pga": 0.1123058}}, {"type": "Feature", "geometry": {"type": "Point", "coordinates": [-77.68884, 4.57592]}, "properties": {"pga": 0.1124586}}, {"type": "Feature", "geometry": {"type": "Point", "coordinates": [-77.68872, 4.66585]}, "properties": {"pga": 0.1125538}}, {"type": "Feature", "geometry": {"type": "Point", "coordinates": [-77.68861, 4.75578]}, "properties": {"pga": 0.1126119}}, {"type": "Feature", "geometry": {"type": "Point", "coordinates": [-77.68849, 4.84571]}, "properties": {"pga": 0.1126469}}, {"type": "Feature", "geometry": {"type": "Point", "coordinates": [-77.68837, 4.93565]}, "properties": {"pga": 0.1126674}}, {"type": "Feature", "geometry": {"type": "Point", "coordinates": [-77.68824, 5.02558]}, "properties": {"pga": 0.1126793}}, {"type": "Feature", "geometry": {"type": "Point", "coordinates": [-77.68812, 5.11551]}, "properties": {"pga": 0.1126857}}, {"type": "Feature", "geometry": {"type": "Point", "coordinates": [-77.68799, 5.20544]}, "properties": {"pga": 0.1126892}}, {"type": "Feature", "geometry": {"type": "Point", "coordinates": [-77.68786, 5.29537]}, "properties": {"pga": 0.1126911}}, {"type": "Feature", "geometry": {"type": "Point", "coordinates": [-77.68773, 5.38531]}, "properties": {"pga": 0.1126921}}, {"type": "Feature", "geometry": {"type": "Point", "coordinates": [-77.68759, 5.47524]}, "properties": {"pga": 0.1126928}}, {"type": "Feature", "geometry": {"type": "Point", "coordinates": [-77.68746, 5.56517]}, "properties": {"pga": 0.1126931}}, {"type": "Feature", "geometry": {"type": "Point", "coordinates": [-77.68732, 5.6551]}, "properties": {"pga": 0.1126934}}, {"type": "Feature", "geometry": {"type": "Point", "coordinates": [-77.68718, 5.74503]}, "properties": {"pga": 0.1126937}}, {"type": "Feature", "geometry": {"type": "Point", "coordinates": [-77.68703, 5.83497]}, "properties": {"pga": 0.112694}}, {"type": "Feature", "geometry": {"type": "Point", "coordinates": [-77.68688, 5.9249]}, "properties": {"pga": 0.1126944}}, {"type": "Feature", "geometry": {"type": "Point", "coordinates": [-77.68674, 6.01483]}, "properties": {"pga": 0.1126945}}, {"type": "Feature", "geometry": {"type": "Point", "coordinates": [-77.68659, 6.10476]}, "properties": {"pga": 0.1126948}}, {"type": "Feature", "geometry": {"type": "Point", "coordinates": [-77.68643, 6.1947]}, "properties": {"pga": 0.1126951}}, {"type": "Feature", "geometry": {"type": "Point", "coordinates": [-77.68628, 6.28463]}, "properties": {"pga": 0.1126953}}, {"type": "Feature", "geometry": {"type": "Point", "coordinates": [-77.68612, 6.37456]}, "properties": {"pga": 0.1126956}}, {"type": "Feature", "geometry": {"type": "Point", "coordinates": [-77.68596, 6.46449]}, "properties": {"pga": 0.1126959}}, {"type": "Feature", "geometry": {"type": "Point", "coordinates": [-77.6858, 6.55442]}, "properties": {"pga": 0.112696}}, {"type": "Feature", "geometry": {"type": "Point", "coordinates": [-77.68563, 6.64436]}, "properties": {"pga": 0.1126964}}, {"type": "Feature", "geometry": {"type": "Point", "coordinates": [-77.68547, 6.73429]}, "properties": {"pga": 0.1126965}}, {"type": "Feature", "geometry": {"type": "Point", "coordinates": [-77.6853, 6.82422]}, "properties": {"pga": 0.1126968}}, {"type": "Feature", "geometry": {"type": "Point", "coordinates": [-77.68513, 6.91415]}, "properties": {"pga": 0.112697}}, {"type": "Feature", "geometry": {"type": "Point", "coordinates": [-77.68495, 7.00408]}, "properties": {"pga": 0.1126973}}, {"type": "Feature", "geometry": {"type": "Point", "coordinates": [-77.68478, 7.09402]}, "properties": {"pga": 0.1126973}}, {"type": "Feature", "geometry": {"type": "Point", "coordinates": [-77.6846, 7.18395]}, "properties": {"pga": 0.1126973}}, {"type": "Feature", "geometry": {"type": "Point", "coordinates": [-77.68442, 7.27388]}, "properties": {"pga": 0.1126968}}, {"type": "Feature", "geometry": {"type": "Point", "coordinates": [-77.68424, 7.36381]}, "properties": {"pga": 0.1126955}}, {"type": "Feature", "geometry": {"type": "Point", "coordinates": [-77.68405, 7.45375]}, "properties": {"pga": 0.1126928}}, {"type": "Feature", "geometry": {"type": "Point", "coordinates": [-77.68386, 7.54368]}, "properties": {"pga": 0.1126874}}, {"type": "Feature", "geometry": {"type": "Point", "coordinates": [-77.68367, 7.63361]}, "properties": {"pga": 0.1126771}}, {"type": "Feature", "geometry": {"type": "Point", "coordinates": [-77.68348, 7.72354]}, "properties": {"pga": 0.1126587}}, {"type": "Feature", "geometry": {"type": "Point", "coordinates": [-77.68329, 7.81347]}, "properties": {"pga": 0.1126268}}, {"type": "Feature", "geometry": {"type": "Point", "coordinates": [-77.68309, 7.90341]}, "properties": {"pga": 0.1125733}}, {"type": "Feature", "geometry": {"type": "Point", "coordinates": [-77.68289, 7.99334]}, "properties": {"pga": 0.1124853}}, {"type": "Feature", "geometry": {"type": "Point", "coordinates": [-77.68269, 8.08327]}, "properties": {"pga": 0.1123429}}, {"type": "Feature", "geometry": {"type": "Point", "coordinates": [-77.68249, 8.1732]}, "properties": {"pga": 0.1121151}}, {"type": "Feature", "geometry": {"type": "Point", "coordinates": [-77.68228, 8.26314]}, "properties": {"pga": 0.1117527}}, {"type": "Feature", "geometry": {"type": "Point", "coordinates": [-77.68207, 8.35307]}, "properties": {"pga": 0.1111746}}, {"type": "Feature", "geometry": {"type": "Point", "coordinates": [-77.68186, 8.443]}, "properties": {"pga": 0.110239}}, {"type": "Feature", "geometry": {"type": "Point", "coordinates": [-77.68165, 8.53293]}, "properties": {"pga": 0.1086677}}, {"type": "Feature", "geometry": {"type": "Point", "coordinates": [-77.68143, 8.62286]}, "properties": {"pga": 0.105804}}, {"type": "Feature", "geometry": {"type": "Point", "coordinates": [-77.68122, 8.7128]}, "properties": {"pga": 0.09923524}}, {"type": "Feature", "geometry": {"type": "Point", "coordinates": [-77.681, 8.80273]}, "properties": {"pga": 0.07457959}}, {"type": "Feature", "geometry": {"type": "Point", "coordinates": [-77.59964, 3.76653]}, "properties": {"pga": 0.07388191}}, {"type": "Feature", "geometry": {"type": "Point", "coordinates": [-77.59954, 3.85646]}, "properties": {"pga": 0.09868538}}, {"type": "Feature", "geometry": {"type": "Point", "coordinates": [-77.59943, 3.94639]}, "properties": {"pga": 0.1055059}}, {"type": "Feature", "geometry": {"type": "Point", "coordinates": [-77.59932, 4.03632]}, "properties": {"pga": 0.108475}}, {"type": "Feature", "geometry": {"type": "Point", "coordinates": [-77.59921, 4.12626]}, "properties": {"pga": 0.1101204}}, {"type": "Feature", "geometry": {"type": "Point", "coordinates": [-77.5991, 4.21619]}, "properties": {"pga": 0.1111065}}, {"type": "Feature", "geometry": {"type": "Point", "coordinates": [-77.59898, 4.30612]}, "properties": {"pga": 0.1117195}}, {"type": "Feature", "geometry": {"type": "Point", "coordinates": [-77.59886, 4.39605]}, "properties": {"pga": 0.1121058}}, {"type": "Feature", "geometry": {"type": "Point", "coordinates": [-77.59874, 4.48598]}, "properties": {"pga": 0.11235}}, {"type": "Feature", "geometry": {"type": "Point", "coordinates": [-77.59862, 4.57592]}, "properties": {"pga": 0.1125035}}, {"type": "Feature", "geometry": {"type": "Point", "coordinates": [-77.59849, 4.66585]}, "properties": {"pga": 0.1125991}}, {"type": "Feature", "geometry": {"type": "Point", "coordinates": [-77.59837, 4.75578]}, "properties": {"pga": 0.1126575}}, {"type": "Feature", "geometry": {"type": "Point", "coordinates": [-77.59823, 4.84571]}, "properties": {"pga": 0.1126929}}, {"type": "Feature", "geometry": {"type": "Point", "coordinates": [-77.5981, 4.93565]}, "properties": {"pga": 0.1127134}}, {"type": "Feature", "geometry": {"type": "Point", "coordinates": [-77.59797, 5.02558]}, "properties": {"pga": 0.1127251}}, {"type": "Feature", "geometry": {"type": "Point", "coordinates": [-77.59783, 5.11551]}, "properties": {"pga": 0.1127317}}, {"type": "Feature", "geometry": {"type": "Point", "coordinates": [-77.59769, 5.20544]}, "properties": {"pga": 0.1127353}}, {"type": "Feature", "geometry": {"type": "Point", "coordinates": [-77.59754, 5.29537]}, "properties": {"pga": 0.1127373}}, {"type": "Feature", "geometry": {"type": "Point", "coordinates": [-77.5974, 5.38531]}, "properties": {"pga": 0.1127382}}, {"type": "Feature", "geometry": {"type": "Point", "coordinates": [-77.59725, 5.47524]}, "properties": {"pga": 0.1127388}}, {"type": "Feature", "geometry": {"type": "Point", "coordinates": [-77.5971, 5.56517]}, "properties": {"pga": 0.1127392}}, {"type": "Feature", "geometry": {"type": "Point", "coordinates": [-77.59694, 5.6551]}, "properties": {"pga": 0.1127396}}, {"type": "Feature", "geometry": {"type": "Point", "coordinates": [-77.59679, 5.74503]}, "properties": {"pga": 0.1127398}}, {"type": "Feature", "geometry": {"type": "Point", "coordinates": [-77.59663, 5.83497]}, "properties": {"pga": 0.1127401}}, {"type": "Feature", "geometry": {"type": "Point", "coordinates": [-77.59647, 5.9249]}, "properties": {"pga": 0.1127403}}, {"type": "Feature", "geometry": {"type": "Point", "coordinates": [-77.59631, 6.01483]}, "properties": {"pga": 0.1127405}}, {"type": "Feature", "geometry": {"type": "Point", "coordinates": [-77.59614, 6.10476]}, "properties": {"pga": 0.1127409}}, {"type": "Feature", "geometry": {"type": "Point", "coordinates": [-77.59597, 6.1947]}, "properties": {"pga": 0.1127412}}, {"type": "Feature", "geometry": {"type": "Point", "coordinates": [-77.5958, 6.28463]}, "properties": {"pga": 0.1127414}}, {"type": "Feature", "geometry": {"type": "Point", "coordinates": [-77.59563, 6.37456]}, "properties": {"pga": 0.1127416}}, {"type": "Feature", "geometry": {"type": "Point", "coordinates": [-77.59545, 6.46449]}, "properties": {"pga": 0.112742}}, {"type": "Feature", "geometry": {"type": "Point", "coordinates": [-77.59527, 6.55442]}, "properties": {"pga": 0.1127422}}, {"type": "Feature", "geometry": {"type": "Point", "coordinates": [-77.59509, 6.64436]}, "properties": {"pga": 0.1127424}}, {"type": "Feature", "geometry": {"type": "Point", "coordinates": [-77.59491, 6.73429]}, "properties": {"pga": 0.1127426}}, {"type": "Feature", "geometry": {"type": "Point", "coordinates": [-77.59472, 6.82422]}, "properties": {"pga": 0.1127429}}, {"type": "Feature", "geometry": {"type": "Point", "coordinates": [-77.59454, 6.91415]}, "properties": {"pga": 0.112743}}, {"type": "Feature", "geometry": {"type": "Point", "coordinates": [-77.59434, 7.00408]}, "properties": {"pga": 0.1127433}}, {"type": "Feature", "geometry": {"type": "Point", "coordinates": [-77.59415, 7.09402]}, "properties": {"pga": 0.1127434}}, {"type": "Feature", "geometry": {"type": "Point", "coordinates": [-77.59396, 7.18395]}, "properties": {"pga": 0.1127433}}, {"type": "Feature", "geometry": {"type": "Point", "coordinates": [-77.59376, 7.27388]}, "properties": {"pga": 0.1127428}}, {"type": "Feature", "geometry": {"type": "Point", "coordinates": [-77.59356, 7.36381]}, "properties": {"pga": 0.1127416}}, {"type": "Feature", "geometry": {"type": "Point", "coordinates": [-77.59335, 7.45375]}, "properties": {"pga": 0.1127389}}, {"type": "Feature", "geometry": {"type": "Point", "coordinates": [-77.59315, 7.54368]}, "properties": {"pga": 0.1127335}}, {"type": "Feature", "geometry": {"type": "Point", "coordinates": [-77.59294, 7.63361]}, "properties": {"pga": 0.1127234}}, {"type": "Feature", "geometry": {"type": "Point", "coordinates": [-77.59273, 7.72354]}, "properties": {"pga": 0.1127054}}, {"type": "Feature", "geometry": {"type": "Point", "coordinates": [-77.59251, 7.81347]}, "properties": {"pga": 0.1126742}}, {"type": "Feature", "geometry": {"type": "Point", "coordinates": [-77.5923, 7.90341]}, "properties": {"pga": 0.1126215}}, {"type": "Feature", "geometry": {"type": "Point", "coordinates": [-77.59208, 7.99334]}, "properties": {"pga": 0.1125351}}, {"type": "Feature", "geometry": {"type": "Point", "coordinates": [-77.59186, 8.08327]}, "properties": {"pga": 0.1123954}}, {"type": "Feature", "geometry": {"type": "Point", "coordinates": [-77.59163, 8.1732]}, "properties": {"pga": 0.1121724}}, {"type": "Feature", "geometry": {"type": "Point", "coordinates": [-77.59141, 8.26314]}, "properties": {"pga": 0.1118181}}, {"type": "Feature", "geometry": {"type": "Point", "coordinates": [-77.59118, 8.35307]}, "properties": {"pga": 0.1112549}}, {"type": "Feature", "geometry": {"type": "Point", "coordinates": [-77.59094, 8.443]}, "properties": {"pga": 0.1103478}}, {"type": "Feature", "geometry": {"type": "Point", "coordinates": [-77.59071, 8.53293]}, "properties": {"pga": 0.1088347}}, {"type": "Feature", "geometry": {"type": "Point", "coordinates": [-77.59047, 8.62286]}, "properties": {"pga": 0.1061037}}, {"type": "Feature", "geometry": {"type": "Point", "coordinates": [-77.59023, 8.7128]}, "properties": {"pga": 0.1000313}}, {"type": "Feature", "geometry": {"type": "Point", "coordinates": [-77.58999, 8.80273]}, "properties": {"pga": 0.07587987}}, {"type": "Feature", "geometry": {"type": "Point", "coordinates": [-77.50951, 3.76653]}, "properties": {"pga": 0.07393027}}, {"type": "Feature", "geometry": {"type": "Point", "coordinates": [-77.5094, 3.85646]}, "properties": {"pga": 0.09871187}}, {"type": "Feature", "geometry": {"type": "Point", "coordinates": [-77.50929, 3.94639]}, "properties": {"pga": 0.1055248}}, {"type": "Feature", "geometry": {"type": "Point", "coordinates": [-77.50917, 4.03632]}, "properties": {"pga": 0.1084942}}, {"type": "Feature", "geometry": {"type": "Point", "coordinates": [-77.50905, 4.12626]}, "properties": {"pga": 0.1101402}}, {"type": "Feature", "geometry": {"type": "Point", "coordinates": [-77.50892, 4.21619]}, "properties": {"pga": 0.1111273}}, {"type": "Feature", "geometry": {"type": "Point", "coordinates": [-77.5088, 4.30612]}, "properties": {"pga": 0.1117409}}, {"type": "Feature", "geometry": {"type": "Point", "coordinates": [-77.50867, 4.39605]}, "properties": {"pga": 0.1121279}}, {"type": "Feature", "geometry": {"type": "Point", "coordinates": [-77.50853, 4.48598]}, "properties": {"pga": 0.1123727}}, {"type": "Feature", "geometry": {"type": "Point", "coordinates": [-77.5084, 4.57592]}, "properties": {"pga": 0.1125266}}, {"type": "Feature", "geometry": {"type": "Point", "coordinates": [-77.50826, 4.66585]}, "properties": {"pga": 0.1126224}}, {"type": "Feature", "geometry": {"type": "Point", "coordinates": [-77.50812, 4.75578]}, "properties": {"pga": 0.1126812}}, {"type": "Feature", "geometry": {"type": "Point", "coordinates": [-77.50798, 4.84571]}, "properties": {"pga": 0.1127164}}, {"type": "Feature", "geometry": {"type": "Point", "coordinates": [-77.50783, 4.93565]}, "properties": {"pga": 0.1127372}}, {"type": "Feature", "geometry": {"type": "Point", "coordinates": [-77.50769, 5.02558]}, "properties": {"pga": 0.1127489}}, {"type": "Feature", "geometry": {"type": "Point", "coordinates": [-77.50753, 5.11551]}, "properties": {"pga": 0.1127557}}, {"type": "Feature", "geometry": {"type": "Point", "coordinates": [-77.50738, 5.20544]}, "properties": {"pga": 0.1127591}}, {"type": "Feature", "geometry": {"type": "Point", "coordinates": [-77.50723, 5.29537]}, "properties": {"pga": 0.1127609}}, {"type": "Feature", "geometry": {"type": "Point", "coordinates": [-77.50707, 5.38531]}, "properties": {"pga": 0.112762}}, {"type": "Feature", "geometry": {"type": "Point", "coordinates": [-77.5069, 5.47524]}, "properties": {"pga": 0.1127627}}, {"type": "Feature", "geometry": {"type": "Point", "coordinates": [-77.50674, 5.56517]}, "properties": {"pga": 0.112763}}, {"type": "Feature", "geometry": {"type": "Point", "coordinates": [-77.50657, 5.6551]}, "properties": {"pga": 0.1127633}}, {"type": "Feature", "geometry": {"type": "Point", "coordinates": [-77.5064, 5.74503]}, "properties": {"pga": 0.1127636}}, {"type": "Feature", "geometry": {"type": "Point", "coordinates": [-77.50623, 5.83497]}, "properties": {"pga": 0.1127639}}, {"type": "Feature", "geometry": {"type": "Point", "coordinates": [-77.50605, 5.9249]}, "properties": {"pga": 0.1127642}}, {"type": "Feature", "geometry": {"type": "Point", "coordinates": [-77.50588, 6.01483]}, "properties": {"pga": 0.1127643}}, {"type": "Feature", "geometry": {"type": "Point", "coordinates": [-77.5057, 6.10476]}, "properties": {"pga": 0.1127646}}, {"type": "Feature", "geometry": {"type": "Point", "coordinates": [-77.50551, 6.1947]}, "properties": {"pga": 0.1127649}}, {"type": "Feature", "geometry": {"type": "Point", "coordinates": [-77.50533, 6.28463]}, "properties": {"pga": 0.1127651}}, {"type": "Feature", "geometry": {"type": "Point", "coordinates": [-77.50514, 6.37456]}, "properties": {"pga": 0.1127653}}, {"type": "Feature", "geometry": {"type": "Point", "coordinates": [-77.50495, 6.46449]}, "properties": {"pga": 0.1127656}}, {"type": "Feature", "geometry": {"type": "Point", "coordinates": [-77.50475, 6.55442]}, "properties": {"pga": 0.1127659}}, {"type": "Feature", "geometry": {"type": "Point", "coordinates": [-77.50455, 6.64436]}, "properties": {"pga": 0.1127661}}, {"type": "Feature", "geometry": {"type": "Point", "coordinates": [-77.50435, 6.73429]}, "properties": {"pga": 0.1127664}}, {"type": "Feature", "geometry": {"type": "Point", "coordinates": [-77.50415, 6.82422]}, "properties": {"pga": 0.1127666}}, {"type": "Feature", "geometry": {"type": "Point", "coordinates": [-77.50394, 6.91415]}, "properties": {"pga": 0.1127668}}, {"type": "Feature", "geometry": {"type": "Point", "coordinates": [-77.50374, 7.00408]}, "properties": {"pga": 0.112767}}, {"type": "Feature", "geometry": {"type": "Point", "coordinates": [-77.50353, 7.09402]}, "properties": {"pga": 0.112767}}, {"type": "Feature", "geometry": {"type": "Point", "coordinates": [-77.50331, 7.18395]}, "properties": {"pga": 0.1127671}}, {"type": "Feature", "geometry": {"type": "Point", "coordinates": [-77.5031, 7.27388]}, "properties": {"pga": 0.1127665}}, {"type": "Feature", "geometry": {"type": "Point", "coordinates": [-77.50288, 7.36381]}, "properties": {"pga": 0.1127653}}, {"type": "Feature", "geometry": {"type": "Point", "coordinates": [-77.50265, 7.45375]}, "properties": {"pga": 0.1127628}}, {"type": "Feature", "geometry": {"type": "Point", "coordinates": [-77.50243, 7.54368]}, "properties": {"pga": 0.1127575}}, {"type": "Feature", "geometry": {"type": "Point", "coordinates": [-77.5022, 7.63361]}, "properties": {"pga": 0.1127477}}, {"type": "Feature", "geometry": {"type": "Point", "coordinates": [-77.50197, 7.72354]}, "properties": {"pga": 0.1127301}}, {"type": "Feature", "geometry": {"type": "Point", "coordinates": [-77.50174, 7.81347]}, "properties": {"pga": 0.1126995}}, {"type": "Feature", "geometry": {"type": "Point", "coordinates": [-77.5015, 7.90341]}, "properties": {"pga": 0.1126481}}, {"type": "Feature", "geometry": {"type": "Point", "coordinates": [-77.50126, 7.99334]}, "properties": {"pga": 0.1125636}}, {"type": "Feature", "geometry": {"type": "Point", "coordinates": [-77.50102, 8.08327]}, "properties": {"pga": 0.1124271}}, {"type": "Feature", "geometry": {"type": "Point", "coordinates": [-77.50078, 8.1732]}, "properties": {"pga": 0.1122096}}, {"type": "Feature", "geometry": {"type": "Point", "coordinates": [-77.50053, 8.26314]}, "properties": {"pga": 0.1118652}}, {"type": "Feature", "geometry": {"type": "Point", "coordinates": [-77.50028, 8.35307]}, "properties": {"pga": 0.1113201}}, {"type": "Feature", "geometry": {"type": "Point", "coordinates": [-77.50003, 8.443]}, "properties": {"pga": 0.1104481}}, {"type": "Feature", "geometry": {"type": "Point", "coordinates": [-77.49977, 8.53293]}, "properties": {"pga": 0.1090126}}, {"type": "Feature", "geometry": {"type": "Point", "coordinates": [-77.49951, 8.62286]}, "properties": {"pga": 0.1064964}}, {"type": "Feature", "geometry": {"type": "Point", "coordinates": [-77.49925, 8.7128]}, "properties": {"pga": 0.1014001}}, {"type": "Feature", "geometry": {"type": "Point", "coordinates": [-77.49899, 8.80273]}, "properties": {"pga": 0.08516045}}, {"type": "Feature", "geometry": {"type": "Point", "coordinates": [-77.49872, 8.89266]}, "properties": {"pga": 0.06116711}}, {"type": "Feature", "geometry": {"type": "Point", "coordinates": [-77.41939, 3.76653]}, "properties": {"pga": 0.0739586}}, {"type": "Feature", "geometry": {"type": "Point", "coordinates": [-77.41927, 3.85646]}, "properties": {"pga": 0.09872486}}, {"type": "Feature", "geometry": {"type": "Point", "coordinates": [-77.41914, 3.94639]}, "properties": {"pga": 0.1055342}}, {"type": "Feature", "geometry": {"type": "Point", "coordinates": [-77.41901, 4.03632]}, "properties": {"pga": 0.1085036}}, {"type": "Feature", "geometry": {"type": "Point", "coordinates": [-77.41888, 4.12626]}, "properties": {"pga": 0.11015}}, {"type": "Feature", "geometry": {"type": "Point", "coordinates": [-77.41875, 4.21619]}, "properties": {"pga": 0.1111373}}, {"type": "Feature", "geometry": {"type": "Point", "coordinates": [-77.41861, 4.30612]}, "properties": {"pga": 0.1117515}}, {"type": "Feature", "geometry": {"type": "Point", "coordinates": [-77.41847, 4.39605]}, "properties": {"pga": 0.1121388}}, {"type": "Feature", "geometry": {"type": "Point", "coordinates": [-77.41833, 4.48598]}, "properties": {"pga": 0.1123837}}, {"type": "Feature", "geometry": {"type": "Point", "coordinates": [-77.41818, 4.57592]}, "properties": {"pga": 0.1125379}}, {"type": "Feature", "geometry": {"type": "Point", "coordinates": [-77.41803, 4.66585]}, "properties": {"pga": 0.1126339}}, {"type": "Feature", "geometry": {"type": "Point", "coordinates": [-77.41788, 4.75578]}, "properties": {"pga": 0.1126926}}, {"type": "Feature", "geometry": {"type": "Point", "coordinates": [-77.41772, 4.84571]}, "properties": {"pga": 0.1127281}}, {"type": "Feature", "geometry": {"type": "Point", "coordinates": [-77.41757, 4.93565]}, "properties": {"pga": 0.1127487}}, {"type": "Feature", "geometry": {"type": "Point", "coordinates": [-77.41741, 5.02558]}, "properties": {"pga": 0.1127606}}, {"type": "Feature", "geometry": {"type": "Point", "coordinates": [-77.41724, 5.11551]}, "properties": {"pga": 0.1127673}}, {"type": "Feature", "geometry": {"type": "Point", "coordinates": [-77.41708, 5.20544]}, "properties": {"pga": 0.1127707}}, {"type": "Feature", "geometry": {"type": "Point", "coordinates": [-77.41691, 5.29537]}, "properties": {"pga": 0.1127726}}, {"type": "Feature", "geometry": {"type": "Point", "coordinates": [-77.41674, 5.38531]}, "properties": {"pga": 0.1127736}}, {"type": "Feature", "geometry": {"type": "Point", "coordinates": [-77.41656, 5.47524]}, "properties": {"pga": 0.1127743}}, {"type": "Feature", "geometry": {"type": "Point", "coordinates": [-77.41638, 5.56517]}, "properties": {"pga": 0.1127747}}, {"type": "Feature", "geometry": {"type": "Point", "coordinates": [-77.4162, 5.6551]}, "properties": {"pga": 0.112775}}, {"type": "Feature", "geometry": {"type": "Point", "coordinates": [-77.41602, 5.74503]}, "properties": {"pga": 0.1127752}}, {"type": "Feature", "geometry": {"type": "Point", "coordinates": [-77.41583, 5.83497]}, "properties": {"pga": 0.1127754}}, {"type": "Feature", "geometry": {"type": "Point", "coordinates": [-77.41564, 5.9249]}, "properties": {"pga": 0.1127757}}, {"type": "Feature", "geometry": {"type": "Point", "coordinates": [-77.41545, 6.01483]}, "properties": {"pga": 0.1127759}}, {"type": "Feature", "geometry": {"type": "Point", "coordinates": [-77.41525, 6.10476]}, "properties": {"pga": 0.1127763}}, {"type": "Feature", "geometry": {"type": "Point", "coordinates": [-77.41505, 6.1947]}, "properties": {"pga": 0.1127765}}, {"type": "Feature", "geometry": {"type": "Point", "coordinates": [-77.41485, 6.28463]}, "properties": {"pga": 0.1127767}}, {"type": "Feature", "geometry": {"type": "Point", "coordinates": [-77.41465, 6.37456]}, "properties": {"pga": 0.112777}}, {"type": "Feature", "geometry": {"type": "Point", "coordinates": [-77.41444, 6.46449]}, "properties": {"pga": 0.1127773}}, {"type": "Feature", "geometry": {"type": "Point", "coordinates": [-77.41423, 6.55442]}, "properties": {"pga": 0.1127775}}, {"type": "Feature", "geometry": {"type": "Point", "coordinates": [-77.41401, 6.64436]}, "properties": {"pga": 0.1127778}}, {"type": "Feature", "geometry": {"type": "Point", "coordinates": [-77.4138, 6.73429]}, "properties": {"pga": 0.1127779}}, {"type": "Feature", "geometry": {"type": "Point", "coordinates": [-77.41358, 6.82422]}, "properties": {"pga": 0.1127782}}, {"type": "Feature", "geometry": {"type": "Point", "coordinates": [-77.41335, 6.91415]}, "properties": {"pga": 0.1127785}}, {"type": "Feature", "geometry": {"type": "Point", "coordinates": [-77.41313, 7.00408]}, "properties": {"pga": 0.1127786}}, {"type": "Feature", "geometry": {"type": "Point", "coordinates": [-77.4129, 7.09402]}, "properties": {"pga": 0.1127788}}, {"type": "Feature", "geometry": {"type": "Point", "coordinates": [-77.41267, 7.18395]}, "properties": {"pga": 0.1127787}}, {"type": "Feature", "geometry": {"type": "Point", "coordinates": [-77.41243, 7.27388]}, "properties": {"pga": 0.1127783}}, {"type": "Feature", "geometry": {"type": "Point", "coordinates": [-77.4122, 7.36381]}, "properties": {"pga": 0.1127771}}, {"type": "Feature", "geometry": {"type": "Point", "coordinates": [-77.41196, 7.45375]}, "properties": {"pga": 0.1127745}}, {"type": "Feature", "geometry": {"type": "Point", "coordinates": [-77.41171, 7.54368]}, "properties": {"pga": 0.1127695}}, {"type": "Feature", "geometry": {"type": "Point", "coordinates": [-77.41146, 7.63361]}, "properties": {"pga": 0.11276}}, {"type": "Feature", "geometry": {"type": "Point", "coordinates": [-77.41122, 7.72354]}, "properties": {"pga": 0.1127426}}, {"type": "Feature", "geometry": {"type": "Point", "coordinates": [-77.41096, 7.81347]}, "properties": {"pga": 0.1127128}}, {"type": "Feature", "geometry": {"type": "Point", "coordinates": [-77.41071, 7.90341]}, "properties": {"pga": 0.1126626}}, {"type": "Feature", "geometry": {"type": "Point", "coordinates": [-77.41045, 7.99334]}, "properties": {"pga": 0.1125801}}, {"type": "Feature", "geometry": {"type": "Point", "coordinates": [-77.41019, 8.08327]}, "properties": {"pga": 0.1124469}}, {"type": "Feature", "geometry": {"type": "Point", "coordinates": [-77.40992, 8.1732]}, "properties": {"pga": 0.1122351}}, {"type": "Feature", "geometry": {"type": "Point", "coordinates": [-77.40965, 8.26314]}, "properties": {"pga": 0.1119004}}, {"type": "Feature", "geometry": {"type": "Point", "coordinates": [-77.40938, 8.35307]}, "properties": {"pga": 0.1113728}}, {"type": "Feature", "geometry": {"type": "Point", "coordinates": [-77.40911, 8.443]}, "properties": {"pga": 0.110534}}, {"type": "Feature", "geometry": {"type": "Point", "coordinates": [-77.40883, 8.53293]}, "properties": {"pga": 0.1091693}}, {"type": "Feature", "geometry": {"type": "Point", "coordinates": [-77.40855, 8.62286]}, "properties": {"pga": 0.1068329}}, {"type": "Feature", "geometry": {"type": "Point", "coordinates": [-77.40827, 8.7128]}, "properties": {"pga": 0.1023616}}, {"type": "Feature", "geometry": {"type": "Point", "coordinates": [-77.40798, 8.80273]}, "properties": {"pga": 0.08819227}}, {"type": "Feature", "geometry": {"type": "Point", "coordinates": [-77.40769, 8.89266]}, "properties": {"pga": 0.06271217}}, {"type": "Feature", "geometry": {"type": "Point", "coordinates": [-77.32926, 3.76653]}, "properties": {"pga": 0.07397476}}, {"type": "Feature", "geometry": {"type": "Point", "coordinates": [-77.32913, 3.85646]}, "properties": {"pga": 0.09873108}}, {"type": "Feature", "geometry": {"type": "Point", "coordinates": [-77.32899, 3.94639]}, "properties": {"pga": 0.1055385}}, {"type": "Feature", "geometry": {"type": "Point", "coordinates": [-77.32886, 4.03632]}, "properties": {"pga": 0.1085078}}, {"type": "Feature", "geometry": {"type": "Point", "coordinates": [-77.32871, 4.12626]}, "properties": {"pga": 0.1101546}}, {"type": "Feature", "geometry": {"type": "Point", "coordinates": [-77.32857, 4.21619]}, "properties": {"pga": 0.1111421}}, {"type": "Feature", "geometry": {"type": "Point", "coordinates": [-77.32842, 4.30612]}, "properties": {"pga": 0.1117564}}, {"type": "Feature", "geometry": {"type": "Point", "coordinates": [-77.32827, 4.39605]}, "properties": {"pga": 0.1121438}}, {"type": "Feature", "geometry": {"type": "Point", "coordinates": [-77.32812, 4.48598]}, "properties": {"pga": 0.1123888}}, {"type": "Feature", "geometry": {"type": "Point", "coordinates": [-77.32796, 4.57592]}, "properties": {"pga": 0.1125431}}, {"type": "Feature", "geometry": {"type": "Point", "coordinates": [-77.3278, 4.66585]}, "properties": {"pga": 0.1126391}}, {"type": "Feature", "geometry": {"type": "Point", "coordinates": [-77.32764, 4.75578]}, "properties": {"pga": 0.1126979}}, {"type": "Feature", "geometry": {"type": "Point", "coordinates": [-77.32747, 4.84571]}, "properties": {"pga": 0.1127334}}, {"type": "Feature", "geometry": {"type": "Point", "coordinates": [-77.3273, 4.93565]}, "properties": {"pga": 0.1127541}}, {"type": "Feature", "geometry": {"type": "Point", "coordinates": [-77.32713, 5.02558]}, "properties": {"pga": 0.1127659}}, {"type": "Feature", "geometry": {"type": "Point", "coordinates": [-77.32695, 5.11551]}, "properties": {"pga": 0.1127726}}, {"type": "Feature", "geometry": {"type": "Point", "coordinates": [-77.32677, 5.20544]}, "properties": {"pga": 0.1127761}}, {"type": "Feature", "geometry": {"type": "Point", "coordinates": [-77.32659, 5.29537]}, "properties": {"pga": 0.112778}}, {"type": "Feature", "geometry": {"type": "Point", "coordinates": [-77.3264, 5.38531]}, "properties": {"pga": 0.1127791}}, {"type": "Feature", "geometry": {"type": "Point", "coordinates": [-77.32622, 5.47524]}, "properties": {"pga": 0.1127796}}, {"type": "Feature", "geometry": {"type": "Point", "coordinates": [-77.32602, 5.56517]}, "properties": {"pga": 0.11278}}, {"type": "Feature", "geometry": {"type": "Point", "coordinates": [-77.32583, 5.6551]}, "properties": {"pga": 0.1127802}}, {"type": "Feature", "geometry": {"type": "Point", "coordinates": [-77.32563, 5.74503]}, "properties": {"pga": 0.1127805}}, {"type": "Feature", "geometry": {"type": "Point", "coordinates": [-77.32543, 5.83497]}, "properties": {"pga": 0.1127808}}, {"type": "Feature", "geometry": {"type": "Point", "coordinates": [-77.32522, 5.9249]}, "properties": {"pga": 0.1127811}}, {"type": "Feature", "geometry": {"type": "Point", "coordinates": [-77.32502, 6.01483]}, "properties": {"pga": 0.1127812}}, {"type": "Feature", "geometry": {"type": "Point", "coordinates": [-77.32481, 6.10476]}, "properties": {"pga": 0.1127815}}, {"type": "Feature", "geometry": {"type": "Point", "coordinates": [-77.32459, 6.1947]}, "properties": {"pga": 0.1127819}}, {"type": "Feature", "geometry": {"type": "Point", "coordinates": [-77.32437, 6.28463]}, "properties": {"pga": 0.1127822}}, {"type": "Feature", "geometry": {"type": "Point", "coordinates": [-77.32415, 6.37456]}, "properties": {"pga": 0.1127824}}, {"type": "Feature", "geometry": {"type": "Point", "coordinates": [-77.32393, 6.46449]}, "properties": {"pga": 0.1127825}}, {"type": "Feature", "geometry": {"type": "Point", "coordinates": [-77.3237, 6.55442]}, "properties": {"pga": 0.1127828}}, {"type": "Feature", "geometry": {"type": "Point", "coordinates": [-77.32347, 6.64436]}, "properties": {"pga": 0.1127831}}, {"type": "Feature", "geometry": {"type": "Point", "coordinates": [-77.32324, 6.73429]}, "properties": {"pga": 0.1127833}}, {"type": "Feature", "geometry": {"type": "Point", "coordinates": [-77.323, 6.82422]}, "properties": {"pga": 0.1127835}}, {"type": "Feature", "geometry": {"type": "Point", "coordinates": [-77.32276, 6.91415]}, "properties": {"pga": 0.1127838}}, {"type": "Feature", "geometry": {"type": "Point", "coordinates": [-77.32252, 7.00408]}, "properties": {"pga": 0.1127839}}, {"type": "Feature", "geometry": {"type": "Point", "coordinates": [-77.32227, 7.09402]}, "properties": {"pga": 0.1127841}}, {"type": "Feature", "geometry": {"type": "Point", "coordinates": [-77.32202, 7.18395]}, "properties": {"pga": 0.1127841}}, {"type": "Feature", "geometry": {"type": "Point", "coordinates": [-77.32177, 7.27388]}, "properties": {"pga": 0.1127836}}, {"type": "Feature", "geometry": {"type": "Point", "coordinates": [-77.32152, 7.36381]}, "properties": {"pga": 0.1127825}}, {"type": "Feature", "geometry": {"type": "Point", "coordinates": [-77.32126, 7.45375]}, "properties": {"pga": 0.11278}}, {"type": "Feature", "geometry": {"type": "Point", "coordinates": [-77.32099, 7.54368]}, "properties": {"pga": 0.1127752}}, {"type": "Feature", "geometry": {"type": "Point", "coordinates": [-77.32073, 7.63361]}, "properties": {"pga": 0.1127658}}, {"type": "Feature", "geometry": {"type": "Point", "coordinates": [-77.32046, 7.72354]}, "properties": {"pga": 0.1127489}}, {"type": "Feature", "geometry": {"type": "Point", "coordinates": [-77.32019, 7.81347]}, "properties": {"pga": 0.1127197}}, {"type": "Feature", "geometry": {"type": "Point", "coordinates": [-77.31991, 7.90341]}, "properties": {"pga": 0.1126706}}, {"type": "Feature", "geometry": {"type": "Point", "coordinates": [-77.31963, 7.99334]}, "properties": {"pga": 0.1125899}}, {"type": "Feature", "geometry": {"type": "Point", "coordinates": [-77.31935, 8.08327]}, "properties": {"pga": 0.1124597}}, {"type": "Feature", "geometry": {"type": "Point", "coordinates": [-77.31907, 8.1732]}, "properties": {"pga": 0.1122527}}, {"type": "Feature", "geometry": {"type": "Point", "coordinates": [-77.31878, 8.26314]}, "properties": {"pga": 0.1119263}}, {"type": "Feature", "geometry": {"type": "Point", "coordinates": [-77.31849, 8.35307]}, "properties": {"pga": 0.1114127}}, {"type": "Feature", "geometry": {"type": "Point", "coordinates": [-77.31819, 8.443]}, "properties": {"pga": 0.110599}}, {"type": "Feature", "geometry": {"type": "Point", "coordinates": [-77.31789, 8.53293]}, "properties": {"pga": 0.1092805}}, {"type": "Feature", "geometry": {"type": "Point", "coordinates": [-77.31759, 8.62286]}, "properties": {"pga": 0.1070326}}, {"type": "Feature", "geometry": {"type": "Point", "coordinates": [-77.31729, 8.7128]}, "properties": {"pga": 0.1027174}}, {"type": "Feature", "geometry": {"type": "Point", "coordinates": [-77.31698, 8.80273]}, "properties": {"pga": 0.0888252}}, {"type": "Feature", "geometry": {"type": "Point", "coordinates": [-77.31667, 8.89266]}, "properties": {"pga": 0.06335305}}, {"type": "Feature", "geometry": {"type": "Point", "coordinates": [-77.23913, 3.76653]}, "properties": {"pga": 0.07398372}}, {"type": "Feature", "geometry": {"type": "Point", "coordinates": [-77.23899, 3.85646]}, "properties": {"pga": 0.09873386}}, {"type": "Feature", "geometry": {"type": "Point", "coordinates": [-77.23885, 3.94639]}, "properties": {"pga": 0.1055401}}, {"type": "Feature", "geometry": {"type": "Point", "coordinates": [-77.2387, 4.03632]}, "properties": {"pga": 0.1085096}}, {"type": "Feature", "geometry": {"type": "Point", "coordinates": [-77.23855, 4.12626]}, "properties": {"pga": 0.1101562}}, {"type": "Feature", "geometry": {"type": "Point", "coordinates": [-77.23839, 4.21619]}, "properties": {"pga": 0.111144}}, {"type": "Feature", "geometry": {"type": "Point", "coordinates": [-77.23824, 4.30612]}, "properties": {"pga": 0.1117582}}, {"type": "Feature", "geometry": {"type": "Point", "coordinates": [-77.23807, 4.39605]}, "properties": {"pga": 0.1121459}}, {"type": "Feature", "geometry": {"type": "Point", "coordinates": [-77.23791, 4.48598]}, "properties": {"pga": 0.1123909}}, {"type": "Feature", "geometry": {"type": "Point", "coordinates": [-77.23774, 4.57592]}, "properties": {"pga": 0.1125452}}, {"type": "Feature", "geometry": {"type": "Point", "coordinates": [-77.23757, 4.66585]}, "properties": {"pga": 0.1126412}}, {"type": "Feature", "geometry": {"type": "Point", "coordinates": [-77.23739, 4.75578]}, "properties": {"pga": 0.1127001}}, {"type": "Feature", "geometry": {"type": "Point", "coordinates": [-77.23722, 4.84571]}, "properties": {"pga": 0.1127354}}, {"type": "Feature", "geometry": {"type": "Point", "coordinates": [-77.23703, 4.93565]}, "properties": {"pga": 0.1127564}}, {"type": "Feature", "geometry": {"type": "Point", "coordinates": [-77.23685, 5.02558]}, "properties": {"pga": 0.1127681}}, {"type": "Feature", "geometry": {"type": "Point", "coordinates": [-77.23666, 5.11551]}, "properties": {"pga": 0.1127747}}, {"type": "Feature", "geometry": {"type": "Point", "coordinates": [-77.23647, 5.20544]}, "properties": {"pga": 0.1127782}}, {"type": "Feature", "geometry": {"type": "Point", "coordinates": [-77.23627, 5.29537]}, "properties": {"pga": 0.1127803}}, {"type": "Feature", "geometry": {"type": "Point", "coordinates": [-77.23607, 5.38531]}, "properties": {"pga": 0.1127813}}, {"type": "Feature", "geometry": {"type": "Point", "coordinates": [-77.23587, 5.47524]}, "properties": {"pga": 0.1127818}}, {"type": "Feature", "geometry": {"type": "Point", "coordinates": [-77.23567, 5.56517]}, "properties": {"pga": 0.1127821}}, {"type": "Feature", "geometry": {"type": "Point", "coordinates": [-77.23546, 5.6551]}, "properties": {"pga": 0.1127824}}, {"type": "Feature", "geometry": {"type": "Point", "coordinates": [-77.23524, 5.74503]}, "properties": {"pga": 0.1127828}}, {"type": "Feature", "geometry": {"type": "Point", "coordinates": [-77.23503, 5.83497]}, "properties": {"pga": 0.112783}}, {"type": "Feature", "geometry": {"type": "Point", "coordinates": [-77.23481, 5.9249]}, "properties": {"pga": 0.1127833}}, {"type": "Feature", "geometry": {"type": "Point", "coordinates": [-77.23459, 6.01483]}, "properties": {"pga": 0.1127835}}, {"type": "Feature", "geometry": {"type": "Point", "coordinates": [-77.23436, 6.10476]}, "properties": {"pga": 0.1127838}}, {"type": "Feature", "geometry": {"type": "Point", "coordinates": [-77.23413, 6.1947]}, "properties": {"pga": 0.112784}}, {"type": "Feature", "geometry": {"type": "Point", "coordinates": [-77.2339, 6.28463]}, "properties": {"pga": 0.1127842}}, {"type": "Feature", "geometry": {"type": "Point", "coordinates": [-77.23366, 6.37456]}, "properties": {"pga": 0.1127845}}, {"type": "Feature", "geometry": {"type": "Point", "coordinates": [-77.23342, 6.46449]}, "properties": {"pga": 0.1127848}}, {"type": "Feature", "geometry": {"type": "Point", "coordinates": [-77.23318, 6.55442]}, "properties": {"pga": 0.112785}}, {"type": "Feature", "geometry": {"type": "Point", "coordinates": [-77.23293, 6.64436]}, "properties": {"pga": 0.1127853}}, {"type": "Feature", "geometry": {"type": "Point", "coordinates": [-77.23268, 6.73429]}, "properties": {"pga": 0.1127855}}, {"type": "Feature", "geometry": {"type": "Point", "coordinates": [-77.23243, 6.82422]}, "properties": {"pga": 0.1127857}}, {"type": "Feature", "geometry": {"type": "Point", "coordinates": [-77.23217, 6.91415]}, "properties": {"pga": 0.1127859}}, {"type": "Feature", "geometry": {"type": "Point", "coordinates": [-77.23191, 7.00408]}, "properties": {"pga": 0.1127861}}, {"type": "Feature", "geometry": {"type": "Point", "coordinates": [-77.23165, 7.09402]}, "properties": {"pga": 0.1127862}}, {"type": "Feature", "geometry": {"type": "Point", "coordinates": [-77.23138, 7.18395]}, "properties": {"pga": 0.1127862}}, {"type": "Feature", "geometry": {"type": "Point", "coordinates": [-77.23111, 7.27388]}, "properties": {"pga": 0.1127858}}, {"type": "Feature", "geometry": {"type": "Point", "coordinates": [-77.23084, 7.36381]}, "properties": {"pga": 0.1127847}}, {"type": "Feature", "geometry": {"type": "Point", "coordinates": [-77.23056, 7.45375]}, "properties": {"pga": 0.1127824}}, {"type": "Feature", "geometry": {"type": "Point", "coordinates": [-77.23028, 7.54368]}, "properties": {"pga": 0.1127775}}, {"type": "Feature", "geometry": {"type": "Point", "coordinates": [-77.22999, 7.63361]}, "properties": {"pga": 0.1127684}}, {"type": "Feature", "geometry": {"type": "Point", "coordinates": [-77.2297, 7.72354]}, "properties": {"pga": 0.1127519}}, {"type": "Feature", "geometry": {"type": "Point", "coordinates": [-77.22941, 7.81347]}, "properties": {"pga": 0.1127232}}, {"type": "Feature", "geometry": {"type": "Point", "coordinates": [-77.22912, 7.90341]}, "properties": {"pga": 0.1126749}}, {"type": "Feature", "geometry": {"type": "Point", "coordinates": [-77.22882, 7.99334]}, "properties": {"pga": 0.1125956}}, {"type": "Feature", "geometry": {"type": "Point", "coordinates": [-77.22852, 8.08327]}, "properties": {"pga": 0.1124678}}, {"type": "Feature", "geometry": {"type": "Point", "coordinates": [-77.22821, 8.1732]}, "properties": {"pga": 0.1122646}}, {"type": "Feature", "geometry": {"type": "Point", "coordinates": [-77.2279, 8.26314]}, "properties": {"pga": 0.1119443}}, {"type": "Feature", "geometry": {"type": "Point", "coordinates": [-77.22759, 8.35307]}, "properties": {"pga": 0.1114404}}, {"type": "Feature", "geometry": {"type": "Point", "coordinates": [-77.22727, 8.443]}, "properties": {"pga": 0.1106423}}, {"type": "Feature", "geometry": {"type": "Point", "coordinates": [-77.22695, 8.53293]}, "properties": {"pga": 0.1093486}}, {"type": "Feature", "geometry": {"type": "Point", "coordinates": [-77.22663, 8.62286]}, "properties": {"pga": 0.1071372}}, {"type": "Feature", "geometry": {"type": "Point", "coordinates": [-77.22631, 8.7128]}, "properties": {"pga": 0.1028665}}, {"type": "Feature", "geometry": {"type": "Point", "coordinates": [-77.22598, 8.80273]}, "properties": {"pga": 0.08906617}}, {"type": "Feature", "geometry": {"type": "Point", "coordinates": [-77.22564, 8.89266]}, "properties": {"pga": 0.06363656}}, {"type": "Feature", "geometry": {"type": "Point", "coordinates": [-77.14901, 3.76653]}, "properties": {"pga": 0.07398835}}, {"type": "Feature", "geometry": {"type": "Point", "coordinates": [-77.14886, 3.85646]}, "properties": {"pga": 0.0987347}}, {"type": "Feature", "geometry": {"type": "Point", "coordinates": [-77.1487, 3.94639]}, "properties": {"pga": 0.1055408}}, {"type": "Feature", "geometry": {"type": "Point", "coordinates": [-77.14854, 4.03632]}, "properties": {"pga": 0.1085103}}, {"type": "Feature", "geometry": {"type": "Point", "coordinates": [-77.14838, 4.12626]}, "properties": {"pga": 0.110157}}, {"type": "Feature", "geometry": {"type": "Point", "coordinates": [-77.14822, 4.21619]}, "properties": {"pga": 0.1111445}}, {"type": "Feature", "geometry": {"type": "Point", "coordinates": [-77.14805, 4.30612]}, "properties": {"pga": 0.1117589}}, {"type": "Feature", "geometry": {"type": "Point", "coordinates": [-77.14788, 4.39605]}, "properties": {"pga": 0.1121465}}, {"type": "Feature", "geometry": {"type": "Point", "coordinates": [-77.1477, 4.48598]}, "properties": {"pga": 0.1123917}}, {"type": "Feature", "geometry": {"type": "Point", "coordinates": [-77.14752, 4.57592]}, "properties": {"pga": 0.112546}}, {"type": "Feature", "geometry": {"type": "Point", "coordinates": [-77.14734, 4.66585]}, "properties": {"pga": 0.1126419}}, {"type": "Feature", "geometry": {"type": "Point", "coordinates": [-77.14715, 4.75578]}, "properties": {"pga": 0.1127009}}, {"type": "Feature", "geometry": {"type": "Point", "coordinates": [-77.14696, 4.84571]}, "properties": {"pga": 0.1127362}}, {"type": "Feature", "geometry": {"type": "Point", "coordinates": [-77.14677, 4.93565]}, "properties": {"pga": 0.1127569}}, {"type": "Feature", "geometry": {"type": "Point", "coordinates": [-77.14657, 5.02558]}, "properties": {"pga": 0.1127689}}, {"type": "Feature", "geometry": {"type": "Point", "coordinates": [-77.14637, 5.11551]}, "properties": {"pga": 0.1127754}}, {"type": "Feature", "geometry": {"type": "Point", "coordinates": [-77.14616, 5.20544]}, "properties": {"pga": 0.1127791}}, {"type": "Feature", "geometry": {"type": "Point", "coordinates": [-77.14595, 5.29537]}, "properties": {"pga": 0.112781}}, {"type": "Feature", "geometry": {"type": "Point", "coordinates": [-77.14574, 5.38531]}, "properties": {"pga": 0.112782}}, {"type": "Feature", "geometry": {"type": "Point", "coordinates": [-77.14553, 5.47524]}, "properties": {"pga": 0.1127825}}, {"type": "Feature", "geometry": {"type": "Point", "coordinates": [-77.14531, 5.56517]}, "properties": {"pga": 0.1127829}}, {"type": "Feature", "geometry": {"type": "Point", "coordinates": [-77.14508, 5.6551]}, "properties": {"pga": 0.1127833}}, {"type": "Feature", "geometry": {"type": "Point", "coordinates": [-77.14486, 5.74503]}, "properties": {"pga": 0.1127835}}, {"type": "Feature", "geometry": {"type": "Point", "coordinates": [-77.14463, 5.83497]}, "properties": {"pga": 0.1127837}}, {"type": "Feature", "geometry": {"type": "Point", "coordinates": [-77.14439, 5.9249]}, "properties": {"pga": 0.1127841}}, {"type": "Feature", "geometry": {"type": "Point", "coordinates": [-77.14416, 6.01483]}, "properties": {"pga": 0.1127842}}, {"type": "Feature", "geometry": {"type": "Point", "coordinates": [-77.14392, 6.10476]}, "properties": {"pga": 0.1127844}}, {"type": "Feature", "geometry": {"type": "Point", "coordinates": [-77.14367, 6.1947]}, "properties": {"pga": 0.1127848}}, {"type": "Feature", "geometry": {"type": "Point", "coordinates": [-77.14342, 6.28463]}, "properties": {"pga": 0.1127851}}, {"type": "Feature", "geometry": {"type": "Point", "coordinates": [-77.14317, 6.37456]}, "properties": {"pga": 0.1127853}}, {"type": "Feature", "geometry": {"type": "Point", "coordinates": [-77.14291, 6.46449]}, "properties": {"pga": 0.1127856}}, {"type": "Feature", "geometry": {"type": "Point", "coordinates": [-77.14266, 6.55442]}, "properties": {"pga": 0.1127857}}, {"type": "Feature", "geometry": {"type": "Point", "coordinates": [-77.14239, 6.64436]}, "properties": {"pga": 0.112786}}, {"type": "Feature", "geometry": {"type": "Point", "coordinates": [-77.14213, 6.73429]}, "properties": {"pga": 0.1127862}}, {"type": "Feature", "geometry": {"type": "Point", "coordinates": [-77.14186, 6.82422]}, "properties": {"pga": 0.1127864}}, {"type": "Feature", "geometry": {"type": "Point", "coordinates": [-77.14158, 6.91415]}, "properties": {"pga": 0.1127867}}, {"type": "Feature", "geometry": {"type": "Point", "coordinates": [-77.1413, 7.00408]}, "properties": {"pga": 0.1127869}}, {"type": "Feature", "geometry": {"type": "Point", "coordinates": [-77.14102, 7.09402]}, "properties": {"pga": 0.112787}}, {"type": "Feature", "geometry": {"type": "Point", "coordinates": [-77.14074, 7.18395]}, "properties": {"pga": 0.112787}}, {"type": "Feature", "geometry": {"type": "Point", "coordinates": [-77.14045, 7.27388]}, "properties": {"pga": 0.1127866}}, {"type": "Feature", "geometry": {"type": "Point", "coordinates": [-77.14016, 7.36381]}, "properties": {"pga": 0.1127855}}, {"type": "Feature", "geometry": {"type": "Point", "coordinates": [-77.13986, 7.45375]}, "properties": {"pga": 0.1127832}}, {"type": "Feature", "geometry": {"type": "Point", "coordinates": [-77.13956, 7.54368]}, "properties": {"pga": 0.1127785}}, {"type": "Feature", "geometry": {"type": "Point", "coordinates": [-77.13926, 7.63361]}, "properties": {"pga": 0.1127694}}, {"type": "Feature", "geometry": {"type": "Point", "coordinates": [-77.13895, 7.72354]}, "properties": {"pga": 0.1127531}}, {"type": "Feature", "geometry": {"type": "Point", "coordinates": [-77.13864, 7.81347]}, "properties": {"pga": 0.1127248}}, {"type": "Feature", "geometry": {"type": "Point", "coordinates": [-77.13832, 7.90341]}, "properties": {"pga": 0.1126772}}, {"type": "Feature", "geometry": {"type": "Point", "coordinates": [-77.138, 7.99334]}, "properties": {"pga": 0.1125989}}, {"type": "Feature", "geometry": {"type": "Point", "coordinates": [-77.13768, 8.08327]}, "properties": {"pga": 0.1124725}}, {"type": "Feature", "geometry": {"type": "Point", "coordinates": [-77.13736, 8.1732]}, "properties": {"pga": 0.1122717}}, {"type": "Feature", "geometry": {"type": "Point", "coordinates": [-77.13703, 8.26314]}, "properties": {"pga": 0.1119551}}, {"type": "Feature", "geometry": {"type": "Point", "coordinates": [-77.13669, 8.35307]}, "properties": {"pga": 0.111457}}, {"type": "Feature", "geometry": {"type": "Point", "coordinates": [-77.13636, 8.443]}, "properties": {"pga": 0.1106673}}, {"type": "Feature", "geometry": {"type": "Point", "coordinates": [-77.13602, 8.53293]}, "properties": {"pga": 0.1093853}}, {"type": "Feature", "geometry": {"type": "Point", "coordinates": [-77.13567, 8.62286]}, "properties": {"pga": 0.1071885}}, {"type": "Feature", "geometry": {"type": "Point", "coordinates": [-77.13532, 8.7128]}, "properties": {"pga": 0.102933}}, {"type": "Feature", "geometry": {"type": "Point", "coordinates": [-77.13497, 8.80273]}, "properties": {"pga": 0.08917146}}, {"type": "Feature", "geometry": {"type": "Point", "coordinates": [-77.13462, 8.89266]}, "properties": {"pga": 0.06376757}}, {"type": "Feature", "geometry": {"type": "Point", "coordinates": [-77.05888, 3.76653]}, "properties": {"pga": 0.07399043}}, {"type": "Feature", "geometry": {"type": "Point", "coordinates": [-77.05872, 3.85646]}, "properties": {"pga": 0.09873503}}, {"type": "Feature", "geometry": {"type": "Point", "coordinates": [-77.05856, 3.94639]}, "properties": {"pga": 0.1055408}}, {"type": "Feature", "geometry": {"type": "Point", "coordinates": [-77.05839, 4.03632]}, "properties": {"pga": 0.1085103}}, {"type": "Feature", "geometry": {"type": "Point", "coordinates": [-77.05822, 4.12626]}, "properties": {"pga": 0.110157}}, {"type": "Feature", "geometry": {"type": "Point", "coordinates": [-77.05804, 4.21619]}, "properties": {"pga": 0.1111448}}, {"type": "Feature", "geometry": {"type": "Point", "coordinates": [-77.05786, 4.30612]}, "properties": {"pga": 0.1117592}}, {"type": "Feature", "geometry": {"type": "Point", "coordinates": [-77.05768, 4.39605]}, "properties": {"pga": 0.1121467}}, {"type": "Feature", "geometry": {"type": "Point", "coordinates": [-77.05749, 4.48598]}, "properties": {"pga": 0.1123919}}, {"type": "Feature", "geometry": {"type": "Point", "coordinates": [-77.0573, 4.57592]}, "properties": {"pga": 0.1125462}}, {"type": "Feature", "geometry": {"type": "Point", "coordinates": [-77.05711, 4.66585]}, "properties": {"pga": 0.1126421}}, {"type": "Feature", "geometry": {"type": "Point", "coordinates": [-77.05691, 4.75578]}, "properties": {"pga": 0.112701}}, {"type": "Feature", "geometry": {"type": "Point", "coordinates": [-77.05671, 4.84571]}, "properties": {"pga": 0.1127363}}, {"type": "Feature", "geometry": {"type": "Point", "coordinates": [-77.0565, 4.93565]}, "properties": {"pga": 0.1127572}}, {"type": "Feature", "geometry": {"type": "Point", "coordinates": [-77.05629, 5.02558]}, "properties": {"pga": 0.1127691}}, {"type": "Feature", "geometry": {"type": "Point", "coordinates": [-77.05608, 5.11551]}, "properties": {"pga": 0.1127756}}, {"type": "Feature", "geometry": {"type": "Point", "coordinates": [-77.05586, 5.20544]}, "properties": {"pga": 0.1127792}}, {"type": "Feature", "geometry": {"type": "Point", "coordinates": [-77.05564, 5.29537]}, "properties": {"pga": 0.1127811}}, {"type": "Feature", "geometry": {"type": "Point", "coordinates": [-77.05541, 5.38531]}, "properties": {"pga": 0.1127822}}, {"type": "Feature", "geometry": {"type": "Point", "coordinates": [-77.05518, 5.47524]}, "properties": {"pga": 0.1127828}}, {"type": "Feature", "geometry": {"type": "Point", "coordinates": [-77.05495, 5.56517]}, "properties": {"pga": 0.1127831}}, {"type": "Feature", "geometry": {"type": "Point", "coordinates": [-77.05471, 5.6551]}, "properties": {"pga": 0.1127835}}, {"type": "Feature", "geometry": {"type": "Point", "coordinates": [-77.05447, 5.74503]}, "properties": {"pga": 0.1127837}}, {"type": "Feature", "geometry": {"type": "Point", "coordinates": [-77.05423, 5.83497]}, "properties": {"pga": 0.1127839}}, {"type": "Feature", "geometry": {"type": "Point", "coordinates": [-77.05398, 5.9249]}, "properties": {"pga": 0.1127842}}, {"type": "Feature", "geometry": {"type": "Point", "coordinates": [-77.05373, 6.01483]}, "properties": {"pga": 0.1127844}}, {"type": "Feature", "geometry": {"type": "Point", "coordinates": [-77.05347, 6.10476]}, "properties": {"pga": 0.1127847}}, {"type": "Feature", "geometry": {"type": "Point", "coordinates": [-77.05321, 6.1947]}, "properties": {"pga": 0.112785}}, {"type": "Feature", "geometry": {"type": "Point", "coordinates": [-77.05295, 6.28463]}, "properties": {"pga": 0.1127852}}, {"type": "Feature", "geometry": {"type": "Point", "coordinates": [-77.05268, 6.37456]}, "properties": {"pga": 0.1127854}}, {"type": "Feature", "geometry": {"type": "Point", "coordinates": [-77.05241, 6.46449]}, "properties": {"pga": 0.1127857}}, {"type": "Feature", "geometry": {"type": "Point", "coordinates": [-77.05213, 6.55442]}, "properties": {"pga": 0.112786}}, {"type": "Feature", "geometry": {"type": "Point", "coordinates": [-77.05185, 6.64436]}, "properties": {"pga": 0.1127862}}, {"type": "Feature", "geometry": {"type": "Point", "coordinates": [-77.05157, 6.73429]}, "properties": {"pga": 0.1127864}}, {"type": "Feature", "geometry": {"type": "Point", "coordinates": [-77.05128, 6.82422]}, "properties": {"pga": 0.1127867}}, {"type": "Feature", "geometry": {"type": "Point", "coordinates": [-77.05099, 6.91415]}, "properties": {"pga": 0.1127869}}, {"type": "Feature", "geometry": {"type": "Point", "coordinates": [-77.05069, 7.00408]}, "properties": {"pga": 0.1127871}}, {"type": "Feature", "geometry": {"type": "Point", "coordinates": [-77.0504, 7.09402]}, "properties": {"pga": 0.1127871}}, {"type": "Feature", "geometry": {"type": "Point", "coordinates": [-77.05009, 7.18395]}, "properties": {"pga": 0.1127872}}, {"type": "Feature", "geometry": {"type": "Point", "coordinates": [-77.04979, 7.27388]}, "properties": {"pga": 0.1127868}}, {"type": "Feature", "geometry": {"type": "Point", "coordinates": [-77.04948, 7.36381]}, "properties": {"pga": 0.1127857}}, {"type": "Feature", "geometry": {"type": "Point", "coordinates": [-77.04916, 7.45375]}, "properties": {"pga": 0.1127834}}, {"type": "Feature", "geometry": {"type": "Point", "coordinates": [-77.04884, 7.54368]}, "properties": {"pga": 0.1127787}}, {"type": "Feature", "geometry": {"type": "Point", "coordinates": [-77.04852, 7.63361]}, "properties": {"pga": 0.1127698}}, {"type": "Feature", "geometry": {"type": "Point", "coordinates": [-77.04819, 7.72354]}, "properties": {"pga": 0.1127536}}, {"type": "Feature", "geometry": {"type": "Point", "coordinates": [-77.04786, 7.81347]}, "properties": {"pga": 0.1127255}}, {"type": "Feature", "geometry": {"type": "Point", "coordinates": [-77.04753, 7.90341]}, "properties": {"pga": 0.112678}}, {"type": "Feature", "geometry": {"type": "Point", "coordinates": [-77.04719, 7.99334]}, "properties": {"pga": 0.1126001}}, {"type": "Feature", "geometry": {"type": "Point", "coordinates": [-77.04685, 8.08327]}, "properties": {"pga": 0.1124745}}, {"type": "Feature", "geometry": {"type": "Point", "coordinates": [-77.0465, 8.1732]}, "properties": {"pga": 0.1122747}}, {"type": "Feature", "geometry": {"type": "Point", "coordinates": [-77.04615, 8.26314]}, "properties": {"pga": 0.1119597}}, {"type": "Feature", "geometry": {"type": "Point", "coordinates": [-77.0458, 8.35307]}, "properties": {"pga": 0.1114638}}, {"type": "Feature", "geometry": {"type": "Point", "coordinates": [-77.04544, 8.443]}, "properties": {"pga": 0.1106774}}, {"type": "Feature", "geometry": {"type": "Point", "coordinates": [-77.04508, 8.53293]}, "properties": {"pga": 0.1093995}}, {"type": "Feature", "geometry": {"type": "Point", "coordinates": [-77.04471, 8.62286]}, "properties": {"pga": 0.1072074}}, {"type": "Feature", "geometry": {"type": "Point", "coordinates": [-77.04434, 8.7128]}, "properties": {"pga": 0.1029567}}, {"type": "Feature", "geometry": {"type": "Point", "coordinates": [-77.04397, 8.80273]}, "properties": {"pga": 0.08920879}}, {"type": "Feature", "geometry": {"type": "Point", "coordinates": [-77.04359, 8.89266]}, "properties": {"pga": 0.06381527}}, {"type": "Feature", "geometry": {"type": "Point", "coordinates": [-76.96875, 3.76653]}, "properties": {"pga": 0.07399083}}, {"type": "Feature", "geometry": {"type": "Point", "coordinates": [-76.96858, 3.85646]}, "properties": {"pga": 0.09873516}}, {"type": "Feature", "geometry": {"type": "Point", "coordinates": [-76.96841, 3.94639]}, "properties": {"pga": 0.1055409}}, {"type": "Feature", "geometry": {"type": "Point", "coordinates": [-76.96823, 4.03632]}, "properties": {"pga": 0.1085104}}, {"type": "Feature", "geometry": {"type": "Point", "coordinates": [-76.96805, 4.12626]}, "properties": {"pga": 0.1101571}}, {"type": "Feature", "geometry": {"type": "Point", "coordinates": [-76.96786, 4.21619]}, "properties": {"pga": 0.1111449}}, {"type": "Feature", "geometry": {"type": "Point", "coordinates": [-76.96768, 4.30612]}, "properties": {"pga": 0.111759}}, {"type": "Feature", "geometry": {"type": "Point", "coordinates": [-76.96748, 4.39605]}, "properties": {"pga": 0.1121468}}, {"type": "Feature", "geometry": {"type": "Point", "coordinates": [-76.96728, 4.48598]}, "properties": {"pga": 0.112392}}, {"type": "Feature", "geometry": {"type": "Point", "coordinates": [-76.96708, 4.57592]}, "properties": {"pga": 0.1125462}}, {"type": "Feature", "geometry": {"type": "Point", "coordinates": [-76.96688, 4.66585]}, "properties": {"pga": 0.1126421}}, {"type": "Feature", "geometry": {"type": "Point", "coordinates": [-76.96667, 4.75578]}, "properties": {"pga": 0.1127009}}, {"type": "Feature", "geometry": {"type": "Point", "coordinates": [-76.96645, 4.84571]}, "properties": {"pga": 0.1127365}}, {"type": "Feature", "geometry": {"type": "Point", "coordinates": [-76.96623, 4.93565]}, "properties": {"pga": 0.1127573}}, {"type": "Feature", "geometry": {"type": "Point", "coordinates": [-76.96601, 5.02558]}, "properties": {"pga": 0.1127691}}, {"type": "Feature", "geometry": {"type": "Point", "coordinates": [-76.96578, 5.11551]}, "properties": {"pga": 0.1127758}}, {"type": "Feature", "geometry": {"type": "Point", "coordinates": [-76.96555, 5.20544]}, "properties": {"pga": 0.1127793}}, {"type": "Feature", "geometry": {"type": "Point", "coordinates": [-76.96532, 5.29537]}, "properties": {"pga": 0.1127811}}, {"type": "Feature", "geometry": {"type": "Point", "coordinates": [-76.96508, 5.38531]}, "properties": {"pga": 0.1127822}}, {"type": "Feature", "geometry": {"type": "Point", "coordinates": [-76.96484, 5.47524]}, "properties": {"pga": 0.1127827}}, {"type": "Feature", "geometry": {"type": "Point", "coordinates": [-76.96459, 5.56517]}, "properties": {"pga": 0.1127832}}, {"type": "Feature", "geometry": {"type": "Point", "coordinates": [-76.96434, 5.6551]}, "properties": {"pga": 0.1127835}}, {"type": "Feature", "geometry": {"type": "Point", "coordinates": [-76.96409, 5.74503]}, "properties": {"pga": 0.1127837}}, {"type": "Feature", "geometry": {"type": "Point", "coordinates": [-76.96383, 5.83497]}, "properties": {"pga": 0.1127839}}, {"type": "Feature", "geometry": {"type": "Point", "coordinates": [-76.96356, 5.9249]}, "properties": {"pga": 0.1127843}}, {"type": "Feature", "geometry": {"type": "Point", "coordinates": [-76.9633, 6.01483]}, "properties": {"pga": 0.1127844}}, {"type": "Feature", "geometry": {"type": "Point", "coordinates": [-76.96303, 6.10476]}, "properties": {"pga": 0.1127847}}, {"type": "Feature", "geometry": {"type": "Point", "coordinates": [-76.96275, 6.1947]}, "properties": {"pga": 0.112785}}, {"type": "Feature", "geometry": {"type": "Point", "coordinates": [-76.96247, 6.28463]}, "properties": {"pga": 0.1127853}}, {"type": "Feature", "geometry": {"type": "Point", "coordinates": [-76.96219, 6.37456]}, "properties": {"pga": 0.1127854}}, {"type": "Feature", "geometry": {"type": "Point", "coordinates": [-76.9619, 6.46449]}, "properties": {"pga": 0.1127857}}, {"type": "Feature", "geometry": {"type": "Point", "coordinates": [-76.96161, 6.55442]}, "properties": {"pga": 0.112786}}, {"type": "Feature", "geometry": {"type": "Point", "coordinates": [-76.96131, 6.64436]}, "properties": {"pga": 0.1127862}}, {"type": "Feature", "geometry": {"type": "Point", "coordinates": [-76.96101, 6.73429]}, "properties": {"pga": 0.1127865}}, {"type": "Feature", "geometry": {"type": "Point", "coordinates": [-76.96071, 6.82422]}, "properties": {"pga": 0.1127866}}, {"type": "Feature", "geometry": {"type": "Point", "coordinates": [-76.9604, 6.91415]}, "properties": {"pga": 0.1127868}}, {"type": "Feature", "geometry": {"type": "Point", "coordinates": [-76.96009, 7.00408]}, "properties": {"pga": 0.1127871}}, {"type": "Feature", "geometry": {"type": "Point", "coordinates": [-76.95977, 7.09402]}, "properties": {"pga": 0.1127872}}, {"type": "Feature", "geometry": {"type": "Point", "coordinates": [-76.95945, 7.18395]}, "properties": {"pga": 0.1127872}}, {"type": "Feature", "geometry": {"type": "Point", "coordinates": [-76.95912, 7.27388]}, "properties": {"pga": 0.1127869}}, {"type": "Feature", "geometry": {"type": "Point", "coordinates": [-76.9588, 7.36381]}, "properties": {"pga": 0.1127858}}, {"type": "Feature", "geometry": {"type": "Point", "coordinates": [-76.95846, 7.45375]}, "properties": {"pga": 0.1127835}}, {"type": "Feature", "geometry": {"type": "Point", "coordinates": [-76.95812, 7.54368]}, "properties": {"pga": 0.1127788}}, {"type": "Feature", "geometry": {"type": "Point", "coordinates": [-76.95778, 7.63361]}, "properties": {"pga": 0.1127698}}, {"type": "Feature", "geometry": {"type": "Point", "coordinates": [-76.95744, 7.72354]}, "properties": {"pga": 0.1127535}}, {"type": "Feature", "geometry": {"type": "Point", "coordinates": [-76.95709, 7.81347]}, "properties": {"pga": 0.1127253}}, {"type": "Feature", "geometry": {"type": "Point", "coordinates": [-76.95673, 7.90341]}, "properties": {"pga": 0.1126779}}, {"type": "Feature", "geometry": {"type": "Point", "coordinates": [-76.95638, 7.99334]}, "properties": {"pga": 0.1125998}}, {"type": "Feature", "geometry": {"type": "Point", "coordinates": [-76.95601, 8.08327]}, "properties": {"pga": 0.112474}}, {"type": "Feature", "geometry": {"type": "Point", "coordinates": [-76.95565, 8.1732]}, "properties": {"pga": 0.1122739}}, {"type": "Feature", "geometry": {"type": "Point", "coordinates": [-76.95528, 8.26314]}, "properties": {"pga": 0.1119584}}, {"type": "Feature", "geometry": {"type": "Point", "coordinates": [-76.9549, 8.35307]}, "properties": {"pga": 0.1114619}}, {"type": "Feature", "geometry": {"type": "Point", "coordinates": [-76.95452, 8.443]}, "properties": {"pga": 0.1106744}}, {"type": "Feature", "geometry": {"type": "Point", "coordinates": [-76.95414, 8.53293]}, "properties": {"pga": 0.1093952}}, {"type": "Feature", "geometry": {"type": "Point", "coordinates": [-76.95375, 8.62286]}, "properties": {"pga": 0.1072016}}, {"type": "Feature", "geometry": {"type": "Point", "coordinates": [-76.95336, 8.7128]}, "properties": {"pga": 0.1029493}}, {"type": "Feature", "geometry": {"type": "Point", "coordinates": [-76.95296, 8.80273]}, "properties": {"pga": 0.08919722}}, {"type": "Feature", "geometry": {"type": "Point", "coordinates": [-76.95256, 8.89266]}, "properties": {"pga": 0.06380066}}, {"type": "Feature", "geometry": {"type": "Point", "coordinates": [-76.87863, 3.76653]}, "properties": {"pga": 0.07398973}}, {"type": "Feature", "geometry": {"type": "Point", "coordinates": [-76.87845, 3.85646]}, "properties": {"pga": 0.09873492}}, {"type": "Feature", "geometry": {"type": "Point", "coordinates": [-76.87826, 3.94639]}, "properties": {"pga": 0.1055409}}, {"type": "Feature", "geometry": {"type": "Point", "coordinates": [-76.87808, 4.03632]}, "properties": {"pga": 0.1085103}}, {"type": "Feature", "geometry": {"type": "Point", "coordinates": [-76.87788, 4.12626]}, "properties": {"pga": 0.1101571}}, {"type": "Feature", "geometry": {"type": "Point", "coordinates": [-76.87769, 4.21619]}, "properties": {"pga": 0.1111447}}, {"type": "Feature", "geometry": {"type": "Point", "coordinates": [-76.87749, 4.30612]}, "properties": {"pga": 0.111759}}, {"type": "Feature", "geometry": {"type": "Point", "coordinates": [-76.87728, 4.39605]}, "properties": {"pga": 0.1121468}}, {"type": "Feature", "geometry": {"type": "Point", "coordinates": [-76.87707, 4.48598]}, "properties": {"pga": 0.1123919}}, {"type": "Feature", "geometry": {"type": "Point", "coordinates": [-76.87686, 4.57592]}, "properties": {"pga": 0.1125461}}, {"type": "Feature", "geometry": {"type": "Point", "coordinates": [-76.87664, 4.66585]}, "properties": {"pga": 0.1126422}}, {"type": "Feature", "geometry": {"type": "Point", "coordinates": [-76.87642, 4.75578]}, "properties": {"pga": 0.112701}}, {"type": "Feature", "geometry": {"type": "Point", "coordinates": [-76.8762, 4.84571]}, "properties": {"pga": 0.1127363}}, {"type": "Feature", "geometry": {"type": "Point", "coordinates": [-76.87597, 4.93565]}, "properties": {"pga": 0.1127571}}, {"type": "Feature", "geometry": {"type": "Point", "coordinates": [-76.87573, 5.02558]}, "properties": {"pga": 0.1127691}}, {"type": "Feature", "geometry": {"type": "Point", "coordinates": [-76.87549, 5.11551]}, "properties": {"pga": 0.1127756}}, {"type": "Feature", "geometry": {"type": "Point", "coordinates": [-76.87525, 5.20544]}, "properties": {"pga": 0.1127791}}, {"type": "Feature", "geometry": {"type": "Point", "coordinates": [-76.875, 5.29537]}, "properties": {"pga": 0.1127811}}, {"type": "Feature", "geometry": {"type": "Point", "coordinates": [-76.87475, 5.38531]}, "properties": {"pga": 0.1127821}}, {"type": "Feature", "geometry": {"type": "Point", "coordinates": [-76.87449, 5.47524]}, "properties": {"pga": 0.1127828}}, {"type": "Feature", "geometry": {"type": "Point", "coordinates": [-76.87423, 5.56517]}, "properties": {"pga": 0.1127831}}, {"type": "Feature", "geometry": {"type": "Point", "coordinates": [-76.87397, 5.6551]}, "properties": {"pga": 0.1127834}}, {"type": "Feature", "geometry": {"type": "Point", "coordinates": [-76.8737, 5.74503]}, "properties": {"pga": 0.1127837}}, {"type": "Feature", "geometry": {"type": "Point", "coordinates": [-76.87343, 5.83497]}, "properties": {"pga": 0.1127839}}, {"type": "Feature", "geometry": {"type": "Point", "coordinates": [-76.87315, 5.9249]}, "properties": {"pga": 0.1127841}}, {"type": "Feature", "geometry": {"type": "Point", "coordinates": [-76.87287, 6.01483]}, "properties": {"pga": 0.1127844}}, {"type": "Feature", "geometry": {"type": "Point", "coordinates": [-76.87258, 6.10476]}, "properties": {"pga": 0.1127847}}, {"type": "Feature", "geometry": {"type": "Point", "coordinates": [-76.87229, 6.1947]}, "properties": {"pga": 0.1127849}}, {"type": "Feature", "geometry": {"type": "Point", "coordinates": [-76.87199, 6.28463]}, "properties": {"pga": 0.1127852}}, {"type": "Feature", "geometry": {"type": "Point", "coordinates": [-76.8717, 6.37456]}, "properties": {"pga": 0.1127853}}, {"type": "Feature", "geometry": {"type": "Point", "coordinates": [-76.87139, 6.46449]}, "properties": {"pga": 0.1127857}}, {"type": "Feature", "geometry": {"type": "Point", "coordinates": [-76.87108, 6.55442]}, "properties": {"pga": 0.1127859}}, {"type": "Feature", "geometry": {"type": "Point", "coordinates": [-76.87077, 6.64436]}, "properties": {"pga": 0.1127861}}, {"type": "Feature", "geometry": {"type": "Point", "coordinates": [-76.87045, 6.73429]}, "properties": {"pga": 0.1127864}}, {"type": "Feature", "geometry": {"type": "Point", "coordinates": [-76.87013, 6.82422]}, "properties": {"pga": 0.1127866}}, {"type": "Feature", "geometry": {"type": "Point", "coordinates": [-76.86981, 6.91415]}, "properties": {"pga": 0.1127868}}, {"type": "Feature", "geometry": {"type": "Point", "coordinates": [-76.86948, 7.00408]}, "properties": {"pga": 0.112787}}, {"type": "Feature", "geometry": {"type": "Point", "coordinates": [-76.86914, 7.09402]}, "properties": {"pga": 0.1127872}}, {"type": "Feature", "geometry": {"type": "Point", "coordinates": [-76.86881, 7.18395]}, "properties": {"pga": 0.1127871}}, {"type": "Feature", "geometry": {"type": "Point", "coordinates": [-76.86846, 7.27388]}, "properties": {"pga": 0.1127868}}, {"type": "Feature", "geometry": {"type": "Point", "coordinates": [-76.86812, 7.36381]}, "properties": {"pga": 0.1127856}}, {"type": "Feature", "geometry": {"type": "Point", "coordinates": [-76.86776, 7.45375]}, "properties": {"pga": 0.1127834}}, {"type": "Feature", "geometry": {"type": "Point", "coordinates": [-76.86741, 7.54368]}, "properties": {"pga": 0.1127785}}, {"type": "Feature", "geometry": {"type": "Point", "coordinates": [-76.86705, 7.63361]}, "properties": {"pga": 0.1127694}}, {"type": "Feature", "geometry": {"type": "Point", "coordinates": [-76.86668, 7.72354]}, "properties": {"pga": 0.1127531}}, {"type": "Feature", "geometry": {"type": "Point", "coordinates": [-76.86631, 7.81347]}, "properties": {"pga": 0.1127247}}, {"type": "Feature", "geometry": {"type": "Point", "coordinates": [-76.86594, 7.90341]}, "properties": {"pga": 0.1126767}}, {"type": "Feature", "geometry": {"type": "Point", "coordinates": [-76.86556, 7.99334]}, "properties": {"pga": 0.112598}}, {"type": "Feature", "geometry": {"type": "Point", "coordinates": [-76.86518, 8.08327]}, "properties": {"pga": 0.1124711}}, {"type": "Feature", "geometry": {"type": "Point", "coordinates": [-76.86479, 8.1732]}, "properties": {"pga": 0.1122694}}, {"type": "Feature", "geometry": {"type": "Point", "coordinates": [-76.8644, 8.26314]}, "properties": {"pga": 0.1119513}}, {"type": "Feature", "geometry": {"type": "Point", "coordinates": [-76.864, 8.35307]}, "properties": {"pga": 0.1114509}}, {"type": "Feature", "geometry": {"type": "Point", "coordinates": [-76.8636, 8.443]}, "properties": {"pga": 0.1106579}}, {"type": "Feature", "geometry": {"type": "Point", "coordinates": [-76.8632, 8.53293]}, "properties": {"pga": 0.1093714}}, {"type": "Feature", "geometry": {"type": "Point", "coordinates": [-76.86279, 8.62286]}, "properties": {"pga": 0.1071689}}, {"type": "Feature", "geometry": {"type": "Point", "coordinates": [-76.86238, 8.7128]}, "properties": {"pga": 0.1029074}}, {"type": "Feature", "geometry": {"type": "Point", "coordinates": [-76.86196, 8.80273]}, "properties": {"pga": 0.08913105}}, {"type": "Feature", "geometry": {"type": "Point", "coordinates": [-76.86154, 8.89266]}, "properties": {"pga": 0.06371748}}, {"type": "Feature", "geometry": {"type": "Point", "coordinates": [-76.7885, 3.76653]}, "properties": {"pga": 0.0739866}}, {"type": "Feature", "geometry": {"type": "Point", "coordinates": [-76.78831, 3.85646]}, "properties": {"pga": 0.09873444}}, {"type": "Feature", "geometry": {"type": "Point", "coordinates": [-76.78812, 3.94639]}, "properties": {"pga": 0.1055405}}, {"type": "Feature", "geometry": {"type": "Point", "coordinates": [-76.78792, 4.03632]}, "properties": {"pga": 0.1085101}}, {"type": "Feature", "geometry": {"type": "Point", "coordinates": [-76.78772, 4.12626]}, "properties": {"pga": 0.1101567}}, {"type": "Feature", "geometry": {"type": "Point", "coordinates": [-76.78751, 4.21619]}, "properties": {"pga": 0.1111444}}, {"type": "Feature", "geometry": {"type": "Point", "coordinates": [-76.7873, 4.30612]}, "properties": {"pga": 0.1117587}}, {"type": "Feature", "geometry": {"type": "Point", "coordinates": [-76.78709, 4.39605]}, "properties": {"pga": 0.1121462}}, {"type": "Feature", "geometry": {"type": "Point", "coordinates": [-76.78687, 4.48598]}, "properties": {"pga": 0.1123913}}, {"type": "Feature", "geometry": {"type": "Point", "coordinates": [-76.78664, 4.57592]}, "properties": {"pga": 0.1125457}}, {"type": "Feature", "geometry": {"type": "Point", "coordinates": [-76.78641, 4.66585]}, "properties": {"pga": 0.1126418}}, {"type": "Feature", "geometry": {"type": "Point", "coordinates": [-76.78618, 4.75578]}, "properties": {"pga": 0.1127006}}, {"type": "Feature", "geometry": {"type": "Point", "coordinates": [-76.78594, 4.84571]}, "properties": {"pga": 0.112736}}, {"type": "Feature", "geometry": {"type": "Point", "coordinates": [-76.7857, 4.93565]}, "properties": {"pga": 0.1127567}}, {"type": "Feature", "geometry": {"type": "Point", "coordinates": [-76.78545, 5.02558]}, "properties": {"pga": 0.1127687}}, {"type": "Feature", "geometry": {"type": "Point", "coordinates": [-76.7852, 5.11551]}, "properties": {"pga": 0.1127752}}, {"type": "Feature", "geometry": {"type": "Point", "coordinates": [-76.78494, 5.20544]}, "properties": {"pga": 0.1127788}}, {"type": "Feature", "geometry": {"type": "Point", "coordinates": [-76.78468, 5.29537]}, "properties": {"pga": 0.1127808}}, {"type": "Feature", "geometry": {"type": "Point", "coordinates": [-76.78442, 5.38531]}, "properties": {"pga": 0.1127817}}, {"type": "Feature", "geometry": {"type": "Point", "coordinates": [-76.78415, 5.47524]}, "properties": {"pga": 0.1127823}}, {"type": "Feature", "geometry": {"type": "Point", "coordinates": [-76.78388, 5.56517]}, "properties": {"pga": 0.1127826}}, {"type": "Feature", "geometry": {"type": "Point", "coordinates": [-76.7836, 5.6551]}, "properties": {"pga": 0.1127829}}, {"type": "Feature", "geometry": {"type": "Point", "coordinates": [-76.78331, 5.74503]}, "properties": {"pga": 0.1127833}}, {"type": "Feature", "geometry": {"type": "Point", "coordinates": [-76.78303, 5.83497]}, "properties": {"pga": 0.1127834}}, {"type": "Feature", "geometry": {"type": "Point", "coordinates": [-76.78273, 5.9249]}, "properties": {"pga": 0.1127838}}, {"type": "Feature", "geometry": {"type": "Point", "coordinates": [-76.78244, 6.01483]}, "properties": {"pga": 0.112784}}, {"type": "Feature", "geometry": {"type": "Point", "coordinates": [-76.78214, 6.10476]}, "properties": {"pga": 0.1127842}}, {"type": "Feature", "geometry": {"type": "Point", "coordinates": [-76.78183, 6.1947]}, "properties": {"pga": 0.1127845}}, {"type": "Feature", "geometry": {"type": "Point", "coordinates": [-76.78152, 6.28463]}, "properties": {"pga": 0.1127848}}, {"type": "Feature", "geometry": {"type": "Point", "coordinates": [-76.7812, 6.37456]}, "properties": {"pga": 0.1127851}}, {"type": "Feature", "geometry": {"type": "Point", "coordinates": [-76.78088, 6.46449]}, "properties": {"pga": 0.1127853}}, {"type": "Feature", "geometry": {"type": "Point", "coordinates": [-76.78056, 6.55442]}, "properties": {"pga": 0.1127855}}, {"type": "Feature", "geometry": {"type": "Point", "coordinates": [-76.78023, 6.64436]}, "properties": {"pga": 0.1127858}}, {"type": "Feature", "geometry": {"type": "Point", "coordinates": [-76.7799, 6.73429]}, "properties": {"pga": 0.1127859}}, {"type": "Feature", "geometry": {"type": "Point", "coordinates": [-76.77956, 6.82422]}, "properties": {"pga": 0.1127862}}, {"type": "Feature", "geometry": {"type": "Point", "coordinates": [-76.77922, 6.91415]}, "properties": {"pga": 0.1127864}}, {"type": "Feature", "geometry": {"type": "Point", "coordinates": [-76.77887, 7.00408]}, "properties": {"pga": 0.1127866}}, {"type": "Feature", "geometry": {"type": "Point", "coordinates": [-76.77852, 7.09402]}, "properties": {"pga": 0.1127867}}, {"type": "Feature", "geometry": {"type": "Point", "coordinates": [-76.77816, 7.18395]}, "properties": {"pga": 0.1127867}}, {"type": "Feature", "geometry": {"type": "Point", "coordinates": [-76.7778, 7.27388]}, "properties": {"pga": 0.1127863}}, {"type": "Feature", "geometry": {"type": "Point", "coordinates": [-76.77744, 7.36381]}, "properties": {"pga": 0.1127852}}, {"type": "Feature", "geometry": {"type": "Point", "coordinates": [-76.77707, 7.45375]}, "properties": {"pga": 0.1127827}}, {"type": "Feature", "geometry": {"type": "Point", "coordinates": [-76.77669, 7.54368]}, "properties": {"pga": 0.1127779}}, {"type": "Feature", "geometry": {"type": "Point", "coordinates": [-76.77631, 7.63361]}, "properties": {"pga": 0.1127687}}, {"type": "Feature", "geometry": {"type": "Point", "coordinates": [-76.77593, 7.72354]}, "properties": {"pga": 0.112752}}, {"type": "Feature", "geometry": {"type": "Point", "coordinates": [-76.77554, 7.81347]}, "properties": {"pga": 0.1127231}}, {"type": "Feature", "geometry": {"type": "Point", "coordinates": [-76.77514, 7.90341]}, "properties": {"pga": 0.1126745}}, {"type": "Feature", "geometry": {"type": "Point", "coordinates": [-76.77475, 7.99334]}, "properties": {"pga": 0.1125946}}, {"type": "Feature", "geometry": {"type": "Point", "coordinates": [-76.77434, 8.08327]}, "properties": {"pga": 0.1124658}}, {"type": "Feature", "geometry": {"type": "Point", "coordinates": [-76.77394, 8.1732]}, "properties": {"pga": 0.112261}}, {"type": "Feature", "geometry": {"type": "Point", "coordinates": [-76.77352, 8.26314]}, "properties": {"pga": 0.1119381}}, {"type": "Feature", "geometry": {"type": "Point", "coordinates": [-76.77311, 8.35307]}, "properties": {"pga": 0.1114301}}, {"type": "Feature", "geometry": {"type": "Point", "coordinates": [-76.77269, 8.443]}, "properties": {"pga": 0.1106255}}, {"type": "Feature", "geometry": {"type": "Point", "coordinates": [-76.77226, 8.53293]}, "properties": {"pga": 0.1093217}}, {"type": "Feature", "geometry": {"type": "Point", "coordinates": [-76.77183, 8.62286]}, "properties": {"pga": 0.1070962}}, {"type": "Feature", "geometry": {"type": "Point", "coordinates": [-76.77139, 8.7128]}, "properties": {"pga": 0.1028088}}, {"type": "Feature", "geometry": {"type": "Point", "coordinates": [-76.77095, 8.80273]}, "properties": {"pga": 0.08897336}}, {"type": "Feature", "geometry": {"type": "Point", "coordinates": [-76.77051, 8.89266]}, "properties": {"pga": 0.06352597}}, {"type": "Feature", "geometry": {"type": "Point", "coordinates": [-76.69837, 3.76653]}, "properties": {"pga": 0.07398026}}, {"type": "Feature", "geometry": {"type": "Point", "coordinates": [-76.69818, 3.85646]}, "properties": {"pga": 0.0987327}}, {"type": "Feature", "geometry": {"type": "Point", "coordinates": [-76.69797, 3.94639]}, "properties": {"pga": 0.1055395}}, {"type": "Feature", "geometry": {"type": "Point", "coordinates": [-76.69777, 4.03632]}, "properties": {"pga": 0.1085089}}, {"type": "Feature", "geometry": {"type": "Point", "coordinates": [-76.69755, 4.12626]}, "properties": {"pga": 0.1101557}}, {"type": "Feature", "geometry": {"type": "Point", "coordinates": [-76.69734, 4.21619]}, "properties": {"pga": 0.1111432}}, {"type": "Feature", "geometry": {"type": "Point", "coordinates": [-76.69711, 4.30612]}, "properties": {"pga": 0.1117577}}, {"type": "Feature", "geometry": {"type": "Point", "coordinates": [-76.69689, 4.39605]}, "properties": {"pga": 0.1121451}}, {"type": "Feature", "geometry": {"type": "Point", "coordinates": [-76.69666, 4.48598]}, "properties": {"pga": 0.1123901}}, {"type": "Feature", "geometry": {"type": "Point", "coordinates": [-76.69642, 4.57592]}, "properties": {"pga": 0.1125445}}, {"type": "Feature", "geometry": {"type": "Point", "coordinates": [-76.69618, 4.66585]}, "properties": {"pga": 0.1126405}}, {"type": "Feature", "geometry": {"type": "Point", "coordinates": [-76.69594, 4.75578]}, "properties": {"pga": 0.1126992}}, {"type": "Feature", "geometry": {"type": "Point", "coordinates": [-76.69569, 4.84571]}, "properties": {"pga": 0.1127346}}, {"type": "Feature", "geometry": {"type": "Point", "coordinates": [-76.69543, 4.93565]}, "properties": {"pga": 0.1127555}}, {"type": "Feature", "geometry": {"type": "Point", "coordinates": [-76.69517, 5.02558]}, "properties": {"pga": 0.1127674}}, {"type": "Feature", "geometry": {"type": "Point", "coordinates": [-76.69491, 5.11551]}, "properties": {"pga": 0.1127739}}, {"type": "Feature", "geometry": {"type": "Point", "coordinates": [-76.69464, 5.20544]}, "properties": {"pga": 0.1127775}}, {"type": "Feature", "geometry": {"type": "Point", "coordinates": [-76.69437, 5.29537]}, "properties": {"pga": 0.1127793}}, {"type": "Feature", "geometry": {"type": "Point", "coordinates": [-76.69409, 5.38531]}, "properties": {"pga": 0.1127804}}, {"type": "Feature", "geometry": {"type": "Point", "coordinates": [-76.69381, 5.47524]}, "properties": {"pga": 0.1127809}}, {"type": "Feature", "geometry": {"type": "Point", "coordinates": [-76.69352, 5.56517]}, "properties": {"pga": 0.1127813}}, {"type": "Feature", "geometry": {"type": "Point", "coordinates": [-76.69322, 5.6551]}, "properties": {"pga": 0.1127818}}, {"type": "Feature", "geometry": {"type": "Point", "coordinates": [-76.69293, 5.74503]}, "properties": {"pga": 0.1127819}}, {"type": "Feature", "geometry": {"type": "Point", "coordinates": [-76.69263, 5.83497]}, "properties": {"pga": 0.1127822}}, {"type": "Feature", "geometry": {"type": "Point", "coordinates": [-76.69232, 5.9249]}, "properties": {"pga": 0.1127824}}, {"type": "Feature", "geometry": {"type": "Point", "coordinates": [-76.69201, 6.01483]}, "properties": {"pga": 0.1127827}}, {"type": "Feature", "geometry": {"type": "Point", "coordinates": [-76.69169, 6.10476]}, "properties": {"pga": 0.112783}}, {"type": "Feature", "geometry": {"type": "Point", "coordinates": [-76.69137, 6.1947]}, "properties": {"pga": 0.1127832}}, {"type": "Feature", "geometry": {"type": "Point", "coordinates": [-76.69104, 6.28463]}, "properties": {"pga": 0.1127835}}, {"type": "Feature", "geometry": {"type": "Point", "coordinates": [-76.69071, 6.37456]}, "properties": {"pga": 0.1127838}}, {"type": "Feature", "geometry": {"type": "Point", "coordinates": [-76.69038, 6.46449]}, "properties": {"pga": 0.1127839}}, {"type": "Feature", "geometry": {"type": "Point", "coordinates": [-76.69004, 6.55442]}, "properties": {"pga": 0.1127841}}, {"type": "Feature", "geometry": {"type": "Point", "coordinates": [-76.68969, 6.64436]}, "properties": {"pga": 0.1127845}}, {"type": "Feature", "geometry": {"type": "Point", "coordinates": [-76.68934, 6.73429]}, "properties": {"pga": 0.1127847}}, {"type": "Feature", "geometry": {"type": "Point", "coordinates": [-76.68899, 6.82422]}, "properties": {"pga": 0.1127848}}, {"type": "Feature", "geometry": {"type": "Point", "coordinates": [-76.68863, 6.91415]}, "properties": {"pga": 0.1127851}}, {"type": "Feature", "geometry": {"type": "Point", "coordinates": [-76.68826, 7.00408]}, "properties": {"pga": 0.1127853}}, {"type": "Feature", "geometry": {"type": "Point", "coordinates": [-76.68789, 7.09402]}, "properties": {"pga": 0.1127854}}, {"type": "Feature", "geometry": {"type": "Point", "coordinates": [-76.68752, 7.18395]}, "properties": {"pga": 0.1127853}}, {"type": "Feature", "geometry": {"type": "Point", "coordinates": [-76.68714, 7.27388]}, "properties": {"pga": 0.1127849}}, {"type": "Feature", "geometry": {"type": "Point", "coordinates": [-76.68676, 7.36381]}, "properties": {"pga": 0.1127838}}, {"type": "Feature", "geometry": {"type": "Point", "coordinates": [-76.68637, 7.45375]}, "properties": {"pga": 0.1127813}}, {"type": "Feature", "geometry": {"type": "Point", "coordinates": [-76.68597, 7.54368]}, "properties": {"pga": 0.1127764}}, {"type": "Feature", "geometry": {"type": "Point", "coordinates": [-76.68557, 7.63361]}, "properties": {"pga": 0.1127669}}, {"type": "Feature", "geometry": {"type": "Point", "coordinates": [-76.68517, 7.72354]}, "properties": {"pga": 0.1127498}}, {"type": "Feature", "geometry": {"type": "Point", "coordinates": [-76.68476, 7.81347]}, "properties": {"pga": 0.1127203}}, {"type": "Feature", "geometry": {"type": "Point", "coordinates": [-76.68435, 7.90341]}, "properties": {"pga": 0.1126706}}, {"type": "Feature", "geometry": {"type": "Point", "coordinates": [-76.68393, 7.99334]}, "properties": {"pga": 0.1125891}}, {"type": "Feature", "geometry": {"type": "Point", "coordinates": [-76.68351, 8.08327]}, "properties": {"pga": 0.1124575}}, {"type": "Feature", "geometry": {"type": "Point", "coordinates": [-76.68308, 8.1732]}, "properties": {"pga": 0.1122484}}, {"type": "Feature", "geometry": {"type": "Point", "coordinates": [-76.68265, 8.26314]}, "properties": {"pga": 0.1119182}}, {"type": "Feature", "geometry": {"type": "Point", "coordinates": [-76.68221, 8.35307]}, "properties": {"pga": 0.1113984}}, {"type": "Feature", "geometry": {"type": "Point", "coordinates": [-76.68177, 8.443]}, "properties": {"pga": 0.1105738}}, {"type": "Feature", "geometry": {"type": "Point", "coordinates": [-76.68132, 8.53293]}, "properties": {"pga": 0.1092359}}, {"type": "Feature", "geometry": {"type": "Point", "coordinates": [-76.68087, 8.62286]}, "properties": {"pga": 0.1069536}}, {"type": "Feature", "geometry": {"type": "Point", "coordinates": [-76.68041, 8.7128]}, "properties": {"pga": 0.1025855}}, {"type": "Feature", "geometry": {"type": "Point", "coordinates": [-76.67995, 8.80273]}, "properties": {"pga": 0.08859909}}, {"type": "Feature", "geometry": {"type": "Point", "coordinates": [-76.67948, 8.89266]}, "properties": {"pga": 0.06310762}}, {"type": "Feature", "geometry": {"type": "Point", "coordinates": [-76.60825, 3.76653]}, "properties": {"pga": 0.07396847}}, {"type": "Feature", "geometry": {"type": "Point", "coordinates": [-76.60804, 3.85646]}, "properties": {"pga": 0.09872881}}, {"type": "Feature", "geometry": {"type": "Point", "coordinates": [-76.60783, 3.94639]}, "properties": {"pga": 0.1055367}}, {"type": "Feature", "geometry": {"type": "Point", "coordinates": [-76.60761, 4.03632]}, "properties": {"pga": 0.1085063}}, {"type": "Feature", "geometry": {"type": "Point", "coordinates": [-76.60739, 4.12626]}, "properties": {"pga": 0.1101528}}, {"type": "Feature", "geometry": {"type": "Point", "coordinates": [-76.60716, 4.21619]}, "properties": {"pga": 0.1111403}}, {"type": "Feature", "geometry": {"type": "Point", "coordinates": [-76.60693, 4.30612]}, "properties": {"pga": 0.1117544}}, {"type": "Feature", "geometry": {"type": "Point", "coordinates": [-76.60669, 4.39605]}, "properties": {"pga": 0.112142}}, {"type": "Feature", "geometry": {"type": "Point", "coordinates": [-76.60645, 4.48598]}, "properties": {"pga": 0.1123869}}, {"type": "Feature", "geometry": {"type": "Point", "coordinates": [-76.6062, 4.57592]}, "properties": {"pga": 0.1125412}}, {"type": "Feature", "geometry": {"type": "Point", "coordinates": [-76.60595, 4.66585]}, "properties": {"pga": 0.1126371}}, {"type": "Feature", "geometry": {"type": "Point", "coordinates": [-76.60569, 4.75578]}, "properties": {"pga": 0.112696}}, {"type": "Feature", "geometry": {"type": "Point", "coordinates": [-76.60543, 4.84571]}, "properties": {"pga": 0.1127313}}, {"type": "Feature", "geometry": {"type": "Point", "coordinates": [-76.60517, 4.93565]}, "properties": {"pga": 0.112752}}, {"type": "Feature", "geometry": {"type": "Point", "coordinates": [-76.60489, 5.02558]}, "properties": {"pga": 0.112764}}, {"type": "Feature", "geometry": {"type": "Point", "coordinates": [-76.60462, 5.11551]}, "properties": {"pga": 0.1127704}}, {"type": "Feature", "geometry": {"type": "Point", "coordinates": [-76.60434, 5.20544]}, "properties": {"pga": 0.112774}}, {"type": "Feature", "geometry": {"type": "Point", "coordinates": [-76.60405, 5.29537]}, "properties": {"pga": 0.1127759}}, {"type": "Feature", "geometry": {"type": "Point", "coordinates": [-76.60376, 5.38531]}, "properties": {"pga": 0.1127769}}, {"type": "Feature", "geometry": {"type": "Point", "coordinates": [-76.60346, 5.47524]}, "properties": {"pga": 0.1127776}}, {"type": "Feature", "geometry": {"type": "Point", "coordinates": [-76.60316, 5.56517]}, "properties": {"pga": 0.112778}}, {"type": "Feature", "geometry": {"type": "Point", "coordinates": [-76.60285, 5.6551]}, "properties": {"pga": 0.1127783}}, {"type": "Feature", "geometry": {"type": "Point", "coordinates": [-76.60254, 5.74503]}, "properties": {"pga": 0.1127786}}, {"type": "Feature", "geometry": {"type": "Point", "coordinates": [-76.60222, 5.83497]}, "properties": {"pga": 0.1127789}}, {"type": "Feature", "geometry": {"type": "Point", "coordinates": [-76.6019, 5.9249]}, "properties": {"pga": 0.1127791}}, {"type": "Feature", "geometry": {"type": "Point", "coordinates": [-76.60158, 6.01483]}, "properties": {"pga": 0.1127792}}, {"type": "Feature", "geometry": {"type": "Point", "coordinates": [-76.60125, 6.10476]}, "properties": {"pga": 0.1127795}}, {"type": "Feature", "geometry": {"type": "Point", "coordinates": [-76.60091, 6.1947]}, "properties": {"pga": 0.1127798}}, {"type": "Feature", "geometry": {"type": "Point", "coordinates": [-76.60057, 6.28463]}, "properties": {"pga": 0.11278}}, {"type": "Feature", "geometry": {"type": "Point", "coordinates": [-76.60022, 6.37456]}, "properties": {"pga": 0.1127803}}, {"type": "Feature", "geometry": {"type": "Point", "coordinates": [-76.59987, 6.46449]}, "properties": {"pga": 0.1127805}}, {"type": "Feature", "geometry": {"type": "Point", "coordinates": [-76.59951, 6.55442]}, "properties": {"pga": 0.1127808}}, {"type": "Feature", "geometry": {"type": "Point", "coordinates": [-76.59915, 6.64436]}, "properties": {"pga": 0.112781}}, {"type": "Feature", "geometry": {"type": "Point", "coordinates": [-76.59878, 6.73429]}, "properties": {"pga": 0.1127813}}, {"type": "Feature", "geometry": {"type": "Point", "coordinates": [-76.59841, 6.82422]}, "properties": {"pga": 0.1127815}}, {"type": "Feature", "geometry": {"type": "Point", "coordinates": [-76.59804, 6.91415]}, "properties": {"pga": 0.1127816}}, {"type": "Feature", "geometry": {"type": "Point", "coordinates": [-76.59765, 7.00408]}, "properties": {"pga": 0.1127819}}, {"type": "Feature", "geometry": {"type": "Point", "coordinates": [-76.59727, 7.09402]}, "properties": {"pga": 0.1127819}}, {"type": "Feature", "geometry": {"type": "Point", "coordinates": [-76.59687, 7.18395]}, "properties": {"pga": 0.1127819}}, {"type": "Feature", "geometry": {"type": "Point", "coordinates": [-76.59648, 7.27388]}, "properties": {"pga": 0.1127815}}, {"type": "Feature", "geometry": {"type": "Point", "coordinates": [-76.59608, 7.36381]}, "properties": {"pga": 0.1127803}}, {"type": "Feature", "geometry": {"type": "Point", "coordinates": [-76.59567, 7.45375]}, "properties": {"pga": 0.1127777}}, {"type": "Feature", "geometry": {"type": "Point", "coordinates": [-76.59526, 7.54368]}, "properties": {"pga": 0.1127725}}, {"type": "Feature", "geometry": {"type": "Point", "coordinates": [-76.59484, 7.63361]}, "properties": {"pga": 0.1127628}}, {"type": "Feature", "geometry": {"type": "Point", "coordinates": [-76.59442, 7.72354]}, "properties": {"pga": 0.1127453}}, {"type": "Feature", "geometry": {"type": "Point", "coordinates": [-76.59399, 7.81347]}, "properties": {"pga": 0.112715}}, {"type": "Feature", "geometry": {"type": "Point", "coordinates": [-76.59356, 7.90341]}, "properties": {"pga": 0.1126641}}, {"type": "Feature", "geometry": {"type": "Point", "coordinates": [-76.59312, 7.99334]}, "properties": {"pga": 0.1125805}}, {"type": "Feature", "geometry": {"type": "Point", "coordinates": [-76.59267, 8.08327]}, "properties": {"pga": 0.1124457}}, {"type": "Feature", "geometry": {"type": "Point", "coordinates": [-76.59223, 8.1732]}, "properties": {"pga": 0.112231}}, {"type": "Feature", "geometry": {"type": "Point", "coordinates": [-76.59177, 8.26314]}, "properties": {"pga": 0.1118916}}, {"type": "Feature", "geometry": {"type": "Point", "coordinates": [-76.59132, 8.35307]}, "properties": {"pga": 0.1113557}}, {"type": "Feature", "geometry": {"type": "Point", "coordinates": [-76.59085, 8.443]}, "properties": {"pga": 0.1105015}}, {"type": "Feature", "geometry": {"type": "Point", "coordinates": [-76.59038, 8.53293]}, "properties": {"pga": 0.1091048}}, {"type": "Feature", "geometry": {"type": "Point", "coordinates": [-76.58991, 8.62286]}, "properties": {"pga": 0.1066921}}, {"type": "Feature", "geometry": {"type": "Point", "coordinates": [-76.58943, 8.7128]}, "properties": {"pga": 0.1020103}}, {"type": "Feature", "geometry": {"type": "Point", "coordinates": [-76.58895, 8.80273]}, "properties": {"pga": 0.08739042}}, {"type": "Feature", "geometry": {"type": "Point", "coordinates": [-76.58846, 8.89266]}, "properties": {"pga": 0.06210821}}, {"type": "Feature", "geometry": {"type": "Point", "coordinates": [-76.51812, 3.76653]}, "properties": {"pga": 0.0739474}}, {"type": "Feature", "geometry": {"type": "Point", "coordinates": [-76.5179, 3.85646]}, "properties": {"pga": 0.09872005}}, {"type": "Feature", "geometry": {"type": "Point", "coordinates": [-76.51768, 3.94639]}, "properties": {"pga": 0.1055306}}, {"type": "Feature", "geometry": {"type": "Point", "coordinates": [-76.51745, 4.03632]}, "properties": {"pga": 0.1085001}}, {"type": "Feature", "geometry": {"type": "Point", "coordinates": [-76.51722, 4.12626]}, "properties": {"pga": 0.1101463}}, {"type": "Feature", "geometry": {"type": "Point", "coordinates": [-76.51698, 4.21619]}, "properties": {"pga": 0.1111336}}, {"type": "Feature", "geometry": {"type": "Point", "coordinates": [-76.51674, 4.30612]}, "properties": {"pga": 0.1117475}}, {"type": "Feature", "geometry": {"type": "Point", "coordinates": [-76.51649, 4.39605]}, "properties": {"pga": 0.1121347}}, {"type": "Feature", "geometry": {"type": "Point", "coordinates": [-76.51624, 4.48598]}, "properties": {"pga": 0.1123795}}, {"type": "Feature", "geometry": {"type": "Point", "coordinates": [-76.51598, 4.57592]}, "properties": {"pga": 0.1125336}}, {"type": "Feature", "geometry": {"type": "Point", "coordinates": [-76.51572, 4.66585]}, "properties": {"pga": 0.1126294}}, {"type": "Feature", "geometry": {"type": "Point", "coordinates": [-76.51545, 4.75578]}, "properties": {"pga": 0.1126881}}, {"type": "Feature", "geometry": {"type": "Point", "coordinates": [-76.51518, 4.84571]}, "properties": {"pga": 0.1127234}}, {"type": "Feature", "geometry": {"type": "Point", "coordinates": [-76.5149, 4.93565]}, "properties": {"pga": 0.1127442}}, {"type": "Feature", "geometry": {"type": "Point", "coordinates": [-76.51461, 5.02558]}, "properties": {"pga": 0.1127562}}, {"type": "Feature", "geometry": {"type": "Point", "coordinates": [-76.51433, 5.11551]}, "properties": {"pga": 0.1127626}}, {"type": "Feature", "geometry": {"type": "Point", "coordinates": [-76.51403, 5.20544]}, "properties": {"pga": 0.1127662}}, {"type": "Feature", "geometry": {"type": "Point", "coordinates": [-76.51373, 5.29537]}, "properties": {"pga": 0.1127682}}, {"type": "Feature", "geometry": {"type": "Point", "coordinates": [-76.51343, 5.38531]}, "properties": {"pga": 0.1127691}}, {"type": "Feature", "geometry": {"type": "Point", "coordinates": [-76.51312, 5.47524]}, "properties": {"pga": 0.1127697}}, {"type": "Feature", "geometry": {"type": "Point", "coordinates": [-76.5128, 5.56517]}, "properties": {"pga": 0.1127701}}, {"type": "Feature", "geometry": {"type": "Point", "coordinates": [-76.51248, 5.6551]}, "properties": {"pga": 0.1127704}}, {"type": "Feature", "geometry": {"type": "Point", "coordinates": [-76.51216, 5.74503]}, "properties": {"pga": 0.1127706}}, {"type": "Feature", "geometry": {"type": "Point", "coordinates": [-76.51182, 5.83497]}, "properties": {"pga": 0.112771}}, {"type": "Feature", "geometry": {"type": "Point", "coordinates": [-76.51149, 5.9249]}, "properties": {"pga": 0.1127712}}, {"type": "Feature", "geometry": {"type": "Point", "coordinates": [-76.51115, 6.01483]}, "properties": {"pga": 0.1127713}}, {"type": "Feature", "geometry": {"type": "Point", "coordinates": [-76.5108, 6.10476]}, "properties": {"pga": 0.1127717}}, {"type": "Feature", "geometry": {"type": "Point", "coordinates": [-76.51045, 6.1947]}, "properties": {"pga": 0.1127719}}, {"type": "Feature", "geometry": {"type": "Point", "coordinates": [-76.51009, 6.28463]}, "properties": {"pga": 0.1127722}}, {"type": "Feature", "geometry": {"type": "Point", "coordinates": [-76.50973, 6.37456]}, "properties": {"pga": 0.1127724}}, {"type": "Feature", "geometry": {"type": "Point", "coordinates": [-76.50936, 6.46449]}, "properties": {"pga": 0.1127726}}, {"type": "Feature", "geometry": {"type": "Point", "coordinates": [-76.50899, 6.55442]}, "properties": {"pga": 0.1127728}}, {"type": "Feature", "geometry": {"type": "Point", "coordinates": [-76.50861, 6.64436]}, "properties": {"pga": 0.1127731}}, {"type": "Feature", "geometry": {"type": "Point", "coordinates": [-76.50823, 6.73429]}, "properties": {"pga": 0.1127733}}, {"type": "Feature", "geometry": {"type": "Point", "coordinates": [-76.50784, 6.82422]}, "properties": {"pga": 0.1127735}}, {"type": "Feature", "geometry": {"type": "Point", "coordinates": [-76.50744, 6.91415]}, "properties": {"pga": 0.1127738}}, {"type": "Feature", "geometry": {"type": "Point", "coordinates": [-76.50704, 7.00408]}, "properties": {"pga": 0.112774}}, {"type": "Feature", "geometry": {"type": "Point", "coordinates": [-76.50664, 7.09402]}, "properties": {"pga": 0.1127741}}, {"type": "Feature", "geometry": {"type": "Point", "coordinates": [-76.50623, 7.18395]}, "properties": {"pga": 0.112774}}, {"type": "Feature", "geometry": {"type": "Point", "coordinates": [-76.50582, 7.27388]}, "properties": {"pga": 0.1127735}}, {"type": "Feature", "geometry": {"type": "Point", "coordinates": [-76.5054, 7.36381]}, "properties": {"pga": 0.1127723}}, {"type": "Feature", "geometry": {"type": "Point", "coordinates": [-76.50497, 7.45375]}, "properties": {"pga": 0.1127696}}, {"type": "Feature", "geometry": {"type": "Point", "coordinates": [-76.50454, 7.54368]}, "properties": {"pga": 0.1127642}}, {"type": "Feature", "geometry": {"type": "Point", "coordinates": [-76.5041, 7.63361]}, "properties": {"pga": 0.1127542}}, {"type": "Feature", "geometry": {"type": "Point", "coordinates": [-76.50366, 7.72354]}, "properties": {"pga": 0.1127362}}, {"type": "Feature", "geometry": {"type": "Point", "coordinates": [-76.50321, 7.81347]}, "properties": {"pga": 0.1127051}}, {"type": "Feature", "geometry": {"type": "Point", "coordinates": [-76.50276, 7.90341]}, "properties": {"pga": 0.1126528}}, {"type": "Feature", "geometry": {"type": "Point", "coordinates": [-76.5023, 7.99334]}, "properties": {"pga": 0.112567}}, {"type": "Feature", "geometry": {"type": "Point", "coordinates": [-76.50184, 8.08327]}, "properties": {"pga": 0.1124285}}, {"type": "Feature", "geometry": {"type": "Point", "coordinates": [-76.50137, 8.1732]}, "properties": {"pga": 0.1122078}}, {"type": "Feature", "geometry": {"type": "Point", "coordinates": [-76.5009, 8.26314]}, "properties": {"pga": 0.111858}}, {"type": "Feature", "geometry": {"type": "Point", "coordinates": [-76.50042, 8.35307]}, "properties": {"pga": 0.1113034}}, {"type": "Feature", "geometry": {"type": "Point", "coordinates": [-76.49993, 8.443]}, "properties": {"pga": 0.1104135}}, {"type": "Feature", "geometry": {"type": "Point", "coordinates": [-76.49944, 8.53293]}, "properties": {"pga": 0.1089386}}, {"type": "Feature", "geometry": {"type": "Point", "coordinates": [-76.49895, 8.62286]}, "properties": {"pga": 0.1063118}}, {"type": "Feature", "geometry": {"type": "Point", "coordinates": [-76.49845, 8.7128]}, "properties": {"pga": 0.1006654}}, {"type": "Feature", "geometry": {"type": "Point", "coordinates": [-76.49794, 8.80273]}, "properties": {"pga": 0.07801118}}, {"type": "Feature", "geometry": {"type": "Point", "coordinates": [-76.42799, 3.76653]}, "properties": {"pga": 0.07391097}}, {"type": "Feature", "geometry": {"type": "Point", "coordinates": [-76.42777, 3.85646]}, "properties": {"pga": 0.09870158}}, {"type": "Feature", "geometry": {"type": "Point", "coordinates": [-76.42753, 3.94639]}, "properties": {"pga": 0.1055176}}, {"type": "Feature", "geometry": {"type": "Point", "coordinates": [-76.4273, 4.03632]}, "properties": {"pga": 0.1084867}}, {"type": "Feature", "geometry": {"type": "Point", "coordinates": [-76.42706, 4.12626]}, "properties": {"pga": 0.1101324}}, {"type": "Feature", "geometry": {"type": "Point", "coordinates": [-76.42681, 4.21619]}, "properties": {"pga": 0.1111191}}, {"type": "Feature", "geometry": {"type": "Point", "coordinates": [-76.42655, 4.30612]}, "properties": {"pga": 0.1117326}}, {"type": "Feature", "geometry": {"type": "Point", "coordinates": [-76.4263, 4.39605]}, "properties": {"pga": 0.1121191}}, {"type": "Feature", "geometry": {"type": "Point", "coordinates": [-76.42603, 4.48598]}, "properties": {"pga": 0.1123637}}, {"type": "Feature", "geometry": {"type": "Point", "coordinates": [-76.42576, 4.57592]}, "properties": {"pga": 0.1125175}}, {"type": "Feature", "geometry": {"type": "Point", "coordinates": [-76.42549, 4.66585]}, "properties": {"pga": 0.1126131}}, {"type": "Feature", "geometry": {"type": "Point", "coordinates": [-76.42521, 4.75578]}, "properties": {"pga": 0.1126718}}, {"type": "Feature", "geometry": {"type": "Point", "coordinates": [-76.42492, 4.84571]}, "properties": {"pga": 0.1127071}}, {"type": "Feature", "geometry": {"type": "Point", "coordinates": [-76.42463, 4.93565]}, "properties": {"pga": 0.1127277}}, {"type": "Feature", "geometry": {"type": "Point", "coordinates": [-76.42434, 5.02558]}, "properties": {"pga": 0.1127394}}, {"type": "Feature", "geometry": {"type": "Point", "coordinates": [-76.42403, 5.11551]}, "properties": {"pga": 0.1127461}}, {"type": "Feature", "geometry": {"type": "Point", "coordinates": [-76.42373, 5.20544]}, "properties": {"pga": 0.1127496}}, {"type": "Feature", "geometry": {"type": "Point", "coordinates": [-76.42341, 5.29537]}, "properties": {"pga": 0.1127516}}, {"type": "Feature", "geometry": {"type": "Point", "coordinates": [-76.4231, 5.38531]}, "properties": {"pga": 0.1127525}}, {"type": "Feature", "geometry": {"type": "Point", "coordinates": [-76.42277, 5.47524]}, "properties": {"pga": 0.1127532}}, {"type": "Feature", "geometry": {"type": "Point", "coordinates": [-76.42244, 5.56517]}, "properties": {"pga": 0.1127535}}, {"type": "Feature", "geometry": {"type": "Point", "coordinates": [-76.42211, 5.6551]}, "properties": {"pga": 0.1127538}}, {"type": "Feature", "geometry": {"type": "Point", "coordinates": [-76.42177, 5.74503]}, "properties": {"pga": 0.112754}}, {"type": "Feature", "geometry": {"type": "Point", "coordinates": [-76.42142, 5.83497]}, "properties": {"pga": 0.1127544}}, {"type": "Feature", "geometry": {"type": "Point", "coordinates": [-76.42107, 5.9249]}, "properties": {"pga": 0.1127546}}, {"type": "Feature", "geometry": {"type": "Point", "coordinates": [-76.42072, 6.01483]}, "properties": {"pga": 0.1127548}}, {"type": "Feature", "geometry": {"type": "Point", "coordinates": [-76.42035, 6.10476]}, "properties": {"pga": 0.1127551}}, {"type": "Feature", "geometry": {"type": "Point", "coordinates": [-76.41999, 6.1947]}, "properties": {"pga": 0.1127553}}, {"type": "Feature", "geometry": {"type": "Point", "coordinates": [-76.41962, 6.28463]}, "properties": {"pga": 0.1127555}}, {"type": "Feature", "geometry": {"type": "Point", "coordinates": [-76.41924, 6.37456]}, "properties": {"pga": 0.1127558}}, {"type": "Feature", "geometry": {"type": "Point", "coordinates": [-76.41885, 6.46449]}, "properties": {"pga": 0.1127561}}, {"type": "Feature", "geometry": {"type": "Point", "coordinates": [-76.41846, 6.55442]}, "properties": {"pga": 0.1127563}}, {"type": "Feature", "geometry": {"type": "Point", "coordinates": [-76.41807, 6.64436]}, "properties": {"pga": 0.1127565}}, {"type": "Feature", "geometry": {"type": "Point", "coordinates": [-76.41767, 6.73429]}, "properties": {"pga": 0.1127567}}, {"type": "Feature", "geometry": {"type": "Point", "coordinates": [-76.41726, 6.82422]}, "properties": {"pga": 0.112757}}, {"type": "Feature", "geometry": {"type": "Point", "coordinates": [-76.41685, 6.91415]}, "properties": {"pga": 0.1127572}}, {"type": "Feature", "geometry": {"type": "Point", "coordinates": [-76.41644, 7.00408]}, "properties": {"pga": 0.1127573}}, {"type": "Feature", "geometry": {"type": "Point", "coordinates": [-76.41601, 7.09402]}, "properties": {"pga": 0.1127575}}, {"type": "Feature", "geometry": {"type": "Point", "coordinates": [-76.41559, 7.18395]}, "properties": {"pga": 0.1127573}}, {"type": "Feature", "geometry": {"type": "Point", "coordinates": [-76.41515, 7.27388]}, "properties": {"pga": 0.1127569}}, {"type": "Feature", "geometry": {"type": "Point", "coordinates": [-76.41472, 7.36381]}, "properties": {"pga": 0.1127555}}, {"type": "Feature", "geometry": {"type": "Point", "coordinates": [-76.41427, 7.45375]}, "properties": {"pga": 0.1127527}}, {"type": "Feature", "geometry": {"type": "Point", "coordinates": [-76.41382, 7.54368]}, "properties": {"pga": 0.1127471}}, {"type": "Feature", "geometry": {"type": "Point", "coordinates": [-76.41337, 7.63361]}, "properties": {"pga": 0.1127367}}, {"type": "Feature", "geometry": {"type": "Point", "coordinates": [-76.4129, 7.72354]}, "properties": {"pga": 0.1127182}}, {"type": "Feature", "geometry": {"type": "Point", "coordinates": [-76.41244, 7.81347]}, "properties": {"pga": 0.1126862}}, {"type": "Feature", "geometry": {"type": "Point", "coordinates": [-76.41197, 7.90341]}, "properties": {"pga": 0.1126325}}, {"type": "Feature", "geometry": {"type": "Point", "coordinates": [-76.41149, 7.99334]}, "properties": {"pga": 0.1125445}}, {"type": "Feature", "geometry": {"type": "Point", "coordinates": [-76.41101, 8.08327]}, "properties": {"pga": 0.1124024}}, {"type": "Feature", "geometry": {"type": "Point", "coordinates": [-76.41052, 8.1732]}, "properties": {"pga": 0.1121757}}, {"type": "Feature", "geometry": {"type": "Point", "coordinates": [-76.41002, 8.26314]}, "properties": {"pga": 0.111816}}, {"type": "Feature", "geometry": {"type": "Point", "coordinates": [-76.40952, 8.35307]}, "properties": {"pga": 0.1112437}}, {"type": "Feature", "geometry": {"type": "Point", "coordinates": [-76.40902, 8.443]}, "properties": {"pga": 0.1103201}}, {"type": "Feature", "geometry": {"type": "Point", "coordinates": [-76.40851, 8.53293]}, "properties": {"pga": 0.1087739}}, {"type": "Feature", "geometry": {"type": "Point", "coordinates": [-76.40799, 8.62286]}, "properties": {"pga": 0.1059646}}, {"type": "Feature", "geometry": {"type": "Point", "coordinates": [-76.40747, 8.7128]}, "properties": {"pga": 0.09958272}}, {"type": "Feature", "geometry": {"type": "Point", "coordinates": [-76.40694, 8.80273]}, "properties": {"pga": 0.07508273}}, {"type": "Feature", "geometry": {"type": "Point", "coordinates": [-76.33787, 3.76653]}, "properties": {"pga": 0.07384945}}, {"type": "Feature", "geometry": {"type": "Point", "coordinates": [-76.33763, 3.85646]}, "properties": {"pga": 0.09866586}}, {"type": "Feature", "geometry": {"type": "Point", "coordinates": [-76.33739, 3.94639]}, "properties": {"pga": 0.1054915}}, {"type": "Feature", "geometry": {"type": "Point", "coordinates": [-76.33714, 4.03632]}, "properties": {"pga": 0.1084604}}, {"type": "Feature", "geometry": {"type": "Point", "coordinates": [-76.33689, 4.12626]}, "properties": {"pga": 0.110105}}, {"type": "Feature", "geometry": {"type": "Point", "coordinates": [-76.33663, 4.21619]}, "properties": {"pga": 0.1110905}}, {"type": "Feature", "geometry": {"type": "Point", "coordinates": [-76.33637, 4.30612]}, "properties": {"pga": 0.1117027}}, {"type": "Feature", "geometry": {"type": "Point", "coordinates": [-76.3361, 4.39605]}, "properties": {"pga": 0.1120885}}, {"type": "Feature", "geometry": {"type": "Point", "coordinates": [-76.33582, 4.48598]}, "properties": {"pga": 0.1123323}}, {"type": "Feature", "geometry": {"type": "Point", "coordinates": [-76.33554, 4.57592]}, "properties": {"pga": 0.1124856}}, {"type": "Feature", "geometry": {"type": "Point", "coordinates": [-76.33526, 4.66585]}, "properties": {"pga": 0.1125808}}, {"type": "Feature", "geometry": {"type": "Point", "coordinates": [-76.33497, 4.75578]}, "properties": {"pga": 0.1126391}}, {"type": "Feature", "geometry": {"type": "Point", "coordinates": [-76.33467, 4.84571]}, "properties": {"pga": 0.1126743}}, {"type": "Feature", "geometry": {"type": "Point", "coordinates": [-76.33436, 4.93565]}, "properties": {"pga": 0.1126949}}, {"type": "Feature", "geometry": {"type": "Point", "coordinates": [-76.33406, 5.02558]}, "properties": {"pga": 0.1127065}}, {"type": "Feature", "geometry": {"type": "Point", "coordinates": [-76.33374, 5.11551]}, "properties": {"pga": 0.1127132}}, {"type": "Feature", "geometry": {"type": "Point", "coordinates": [-76.33342, 5.20544]}, "properties": {"pga": 0.1127167}}, {"type": "Feature", "geometry": {"type": "Point", "coordinates": [-76.3331, 5.29537]}, "properties": {"pga": 0.1127185}}, {"type": "Feature", "geometry": {"type": "Point", "coordinates": [-76.33276, 5.38531]}, "properties": {"pga": 0.1127197}}, {"type": "Feature", "geometry": {"type": "Point", "coordinates": [-76.33243, 5.47524]}, "properties": {"pga": 0.1127202}}, {"type": "Feature", "geometry": {"type": "Point", "coordinates": [-76.33209, 5.56517]}, "properties": {"pga": 0.1127205}}, {"type": "Feature", "geometry": {"type": "Point", "coordinates": [-76.33174, 5.6551]}, "properties": {"pga": 0.1127208}}, {"type": "Feature", "geometry": {"type": "Point", "coordinates": [-76.33138, 5.74503]}, "properties": {"pga": 0.1127211}}, {"type": "Feature", "geometry": {"type": "Point", "coordinates": [-76.33102, 5.83497]}, "properties": {"pga": 0.1127214}}, {"type": "Feature", "geometry": {"type": "Point", "coordinates": [-76.33066, 5.9249]}, "properties": {"pga": 0.1127216}}, {"type": "Feature", "geometry": {"type": "Point", "coordinates": [-76.33029, 6.01483]}, "properties": {"pga": 0.1127218}}, {"type": "Feature", "geometry": {"type": "Point", "coordinates": [-76.32991, 6.10476]}, "properties": {"pga": 0.1127221}}, {"type": "Feature", "geometry": {"type": "Point", "coordinates": [-76.32953, 6.1947]}, "properties": {"pga": 0.1127223}}, {"type": "Feature", "geometry": {"type": "Point", "coordinates": [-76.32914, 6.28463]}, "properties": {"pga": 0.1127226}}, {"type": "Feature", "geometry": {"type": "Point", "coordinates": [-76.32875, 6.37456]}, "properties": {"pga": 0.1127227}}, {"type": "Feature", "geometry": {"type": "Point", "coordinates": [-76.32835, 6.46449]}, "properties": {"pga": 0.112723}}, {"type": "Feature", "geometry": {"type": "Point", "coordinates": [-76.32794, 6.55442]}, "properties": {"pga": 0.1127232}}, {"type": "Feature", "geometry": {"type": "Point", "coordinates": [-76.32753, 6.64436]}, "properties": {"pga": 0.1127235}}, {"type": "Feature", "geometry": {"type": "Point", "coordinates": [-76.32711, 6.73429]}, "properties": {"pga": 0.1127238}}, {"type": "Feature", "geometry": {"type": "Point", "coordinates": [-76.32669, 6.82422]}, "properties": {"pga": 0.1127239}}, {"type": "Feature", "geometry": {"type": "Point", "coordinates": [-76.32626, 6.91415]}, "properties": {"pga": 0.1127242}}, {"type": "Feature", "geometry": {"type": "Point", "coordinates": [-76.32583, 7.00408]}, "properties": {"pga": 0.1127243}}, {"type": "Feature", "geometry": {"type": "Point", "coordinates": [-76.32539, 7.09402]}, "properties": {"pga": 0.1127244}}, {"type": "Feature", "geometry": {"type": "Point", "coordinates": [-76.32494, 7.18395]}, "properties": {"pga": 0.1127243}}, {"type": "Feature", "geometry": {"type": "Point", "coordinates": [-76.32449, 7.27388]}, "properties": {"pga": 0.1127238}}, {"type": "Feature", "geometry": {"type": "Point", "coordinates": [-76.32404, 7.36381]}, "properties": {"pga": 0.1127223}}, {"type": "Feature", "geometry": {"type": "Point", "coordinates": [-76.32357, 7.45375]}, "properties": {"pga": 0.1127194}}, {"type": "Feature", "geometry": {"type": "Point", "coordinates": [-76.3231, 7.54368]}, "properties": {"pga": 0.1127136}}, {"type": "Feature", "geometry": {"type": "Point", "coordinates": [-76.32263, 7.63361]}, "properties": {"pga": 0.1127028}}, {"type": "Feature", "geometry": {"type": "Point", "coordinates": [-76.32215, 7.72354]}, "properties": {"pga": 0.1126837}}, {"type": "Feature", "geometry": {"type": "Point", "coordinates": [-76.32166, 7.81347]}, "properties": {"pga": 0.1126509}}, {"type": "Feature", "geometry": {"type": "Point", "coordinates": [-76.32117, 7.90341]}, "properties": {"pga": 0.1125959}}, {"type": "Feature", "geometry": {"type": "Point", "coordinates": [-76.32067, 7.99334]}, "properties": {"pga": 0.1125058}}, {"type": "Feature", "geometry": {"type": "Point", "coordinates": [-76.32017, 8.08327]}, "properties": {"pga": 0.1123604}}, {"type": "Feature", "geometry": {"type": "Point", "coordinates": [-76.31966, 8.1732]}, "properties": {"pga": 0.1121286}}, {"type": "Feature", "geometry": {"type": "Point", "coordinates": [-76.31915, 8.26314]}, "properties": {"pga": 0.1117605}}, {"type": "Feature", "geometry": {"type": "Point", "coordinates": [-76.31863, 8.35307]}, "properties": {"pga": 0.1111741}}, {"type": "Feature", "geometry": {"type": "Point", "coordinates": [-76.3181, 8.443]}, "properties": {"pga": 0.1102256}}, {"type": "Feature", "geometry": {"type": "Point", "coordinates": [-76.31757, 8.53293]}, "properties": {"pga": 0.1086325}}, {"type": "Feature", "geometry": {"type": "Point", "coordinates": [-76.31703, 8.62286]}, "properties": {"pga": 0.1057314}}, {"type": "Feature", "geometry": {"type": "Point", "coordinates": [-76.31648, 8.7128]}, "properties": {"pga": 0.09906767}}, {"type": "Feature", "geometry": {"type": "Point", "coordinates": [-76.31593, 8.80273]}, "properties": {"pga": 0.07434927}}, {"type": "Feature", "geometry": {"type": "Point", "coordinates": [-76.24774, 3.76653]}, "properties": {"pga": 0.07374751}}, {"type": "Feature", "geometry": {"type": "Point", "coordinates": [-76.24749, 3.85646]}, "properties": {"pga": 0.09859913}}, {"type": "Feature", "geometry": {"type": "Point", "coordinates": [-76.24724, 3.94639]}, "properties": {"pga": 0.1054422}}, {"type": "Feature", "geometry": {"type": "Point", "coordinates": [-76.24699, 4.03632]}, "properties": {"pga": 0.1084097}}, {"type": "Feature", "geometry": {"type": "Point", "coordinates": [-76.24672, 4.12626]}, "properties": {"pga": 0.1100524}}, {"type": "Feature", "geometry": {"type": "Point", "coordinates": [-76.24646, 4.21619]}, "properties": {"pga": 0.1110354}}, {"type": "Feature", "geometry": {"type": "Point", "coordinates": [-76.24618, 4.30612]}, "properties": {"pga": 0.1116458}}, {"type": "Feature", "geometry": {"type": "Point", "coordinates": [-76.2459, 4.39605]}, "properties": {"pga": 0.1120299}}, {"type": "Feature", "geometry": {"type": "Point", "coordinates": [-76.24562, 4.48598]}, "properties": {"pga": 0.1122723}}, {"type": "Feature", "geometry": {"type": "Point", "coordinates": [-76.24532, 4.57592]}, "properties": {"pga": 0.1124248}}, {"type": "Feature", "geometry": {"type": "Point", "coordinates": [-76.24503, 4.66585]}, "properties": {"pga": 0.1125193}}, {"type": "Feature", "geometry": {"type": "Point", "coordinates": [-76.24472, 4.75578]}, "properties": {"pga": 0.1125774}}, {"type": "Feature", "geometry": {"type": "Point", "coordinates": [-76.24441, 4.84571]}, "properties": {"pga": 0.1126122}}, {"type": "Feature", "geometry": {"type": "Point", "coordinates": [-76.2441, 4.93565]}, "properties": {"pga": 0.1126325}}, {"type": "Feature", "geometry": {"type": "Point", "coordinates": [-76.24378, 5.02558]}, "properties": {"pga": 0.1126442}}, {"type": "Feature", "geometry": {"type": "Point", "coordinates": [-76.24345, 5.11551]}, "properties": {"pga": 0.1126507}}, {"type": "Feature", "geometry": {"type": "Point", "coordinates": [-76.24312, 5.20544]}, "properties": {"pga": 0.1126541}}, {"type": "Feature", "geometry": {"type": "Point", "coordinates": [-76.24278, 5.29537]}, "properties": {"pga": 0.112656}}, {"type": "Feature", "geometry": {"type": "Point", "coordinates": [-76.24243, 5.38531]}, "properties": {"pga": 0.1126571}}, {"type": "Feature", "geometry": {"type": "Point", "coordinates": [-76.24208, 5.47524]}, "properties": {"pga": 0.1126577}}, {"type": "Feature", "geometry": {"type": "Point", "coordinates": [-76.24173, 5.56517]}, "properties": {"pga": 0.1126579}}, {"type": "Feature", "geometry": {"type": "Point", "coordinates": [-76.24136, 5.6551]}, "properties": {"pga": 0.1126583}}, {"type": "Feature", "geometry": {"type": "Point", "coordinates": [-76.241, 5.74503]}, "properties": {"pga": 0.1126585}}, {"type": "Feature", "geometry": {"type": "Point", "coordinates": [-76.24062, 5.83497]}, "properties": {"pga": 0.1126588}}, {"type": "Feature", "geometry": {"type": "Point", "coordinates": [-76.24024, 5.9249]}, "properties": {"pga": 0.112659}}, {"type": "Feature", "geometry": {"type": "Point", "coordinates": [-76.23986, 6.01483]}, "properties": {"pga": 0.1126592}}, {"type": "Feature", "geometry": {"type": "Point", "coordinates": [-76.23946, 6.10476]}, "properties": {"pga": 0.1126596}}, {"type": "Feature", "geometry": {"type": "Point", "coordinates": [-76.23907, 6.1947]}, "properties": {"pga": 0.1126597}}, {"type": "Feature", "geometry": {"type": "Point", "coordinates": [-76.23866, 6.28463]}, "properties": {"pga": 0.11266}}, {"type": "Feature", "geometry": {"type": "Point", "coordinates": [-76.23825, 6.37456]}, "properties": {"pga": 0.1126602}}, {"type": "Feature", "geometry": {"type": "Point", "coordinates": [-76.23784, 6.46449]}, "properties": {"pga": 0.1126604}}, {"type": "Feature", "geometry": {"type": "Point", "coordinates": [-76.23742, 6.55442]}, "properties": {"pga": 0.1126606}}, {"type": "Feature", "geometry": {"type": "Point", "coordinates": [-76.23699, 6.64436]}, "properties": {"pga": 0.1126609}}, {"type": "Feature", "geometry": {"type": "Point", "coordinates": [-76.23656, 6.73429]}, "properties": {"pga": 0.112661}}, {"type": "Feature", "geometry": {"type": "Point", "coordinates": [-76.23612, 6.82422]}, "properties": {"pga": 0.1126613}}, {"type": "Feature", "geometry": {"type": "Point", "coordinates": [-76.23567, 6.91415]}, "properties": {"pga": 0.1126615}}, {"type": "Feature", "geometry": {"type": "Point", "coordinates": [-76.23522, 7.00408]}, "properties": {"pga": 0.1126616}}, {"type": "Feature", "geometry": {"type": "Point", "coordinates": [-76.23476, 7.09402]}, "properties": {"pga": 0.1126618}}, {"type": "Feature", "geometry": {"type": "Point", "coordinates": [-76.2343, 7.18395]}, "properties": {"pga": 0.1126616}}, {"type": "Feature", "geometry": {"type": "Point", "coordinates": [-76.23383, 7.27388]}, "properties": {"pga": 0.112661}}, {"type": "Feature", "geometry": {"type": "Point", "coordinates": [-76.23335, 7.36381]}, "properties": {"pga": 0.1126596}}, {"type": "Feature", "geometry": {"type": "Point", "coordinates": [-76.23287, 7.45375]}, "properties": {"pga": 0.1126564}}, {"type": "Feature", "geometry": {"type": "Point", "coordinates": [-76.23239, 7.54368]}, "properties": {"pga": 0.1126503}}, {"type": "Feature", "geometry": {"type": "Point", "coordinates": [-76.23189, 7.63361]}, "properties": {"pga": 0.1126392}}, {"type": "Feature", "geometry": {"type": "Point", "coordinates": [-76.23139, 7.72354]}, "properties": {"pga": 0.1126196}}, {"type": "Feature", "geometry": {"type": "Point", "coordinates": [-76.23089, 7.81347]}, "properties": {"pga": 0.1125858}}, {"type": "Feature", "geometry": {"type": "Point", "coordinates": [-76.23038, 7.90341]}, "properties": {"pga": 0.1125295}}, {"type": "Feature", "geometry": {"type": "Point", "coordinates": [-76.22986, 7.99334]}, "properties": {"pga": 0.1124376}}, {"type": "Feature", "geometry": {"type": "Point", "coordinates": [-76.22934, 8.08327]}, "properties": {"pga": 0.1122895}}, {"type": "Feature", "geometry": {"type": "Point", "coordinates": [-76.22881, 8.1732]}, "properties": {"pga": 0.1120538}}, {"type": "Feature", "geometry": {"type": "Point", "coordinates": [-76.22827, 8.26314]}, "properties": {"pga": 0.1116795}}, {"type": "Feature", "geometry": {"type": "Point", "coordinates": [-76.22773, 8.35307]}, "properties": {"pga": 0.1110835}}, {"type": "Feature", "geometry": {"type": "Point", "coordinates": [-76.22718, 8.443]}, "properties": {"pga": 0.1101197}}, {"type": "Feature", "geometry": {"type": "Point", "coordinates": [-76.22663, 8.53293]}, "properties": {"pga": 0.1085019}}, {"type": "Feature", "geometry": {"type": "Point", "coordinates": [-76.22607, 8.62286]}, "properties": {"pga": 0.1055617}}, {"type": "Feature", "geometry": {"type": "Point", "coordinates": [-76.2255, 8.7128]}, "properties": {"pga": 0.09878024}}, {"type": "Feature", "geometry": {"type": "Point", "coordinates": [-76.22493, 8.80273]}, "properties": {"pga": 0.07396066}}, {"type": "Feature", "geometry": {"type": "Point", "coordinates": [-76.15761, 3.76653]}, "properties": {"pga": 0.0735813}}, {"type": "Feature", "geometry": {"type": "Point", "coordinates": [-76.15736, 3.85646]}, "properties": {"pga": 0.09847848}}, {"type": "Feature", "geometry": {"type": "Point", "coordinates": [-76.1571, 3.94639]}, "properties": {"pga": 0.1053516}}, {"type": "Feature", "geometry": {"type": "Point", "coordinates": [-76.15683, 4.03632]}, "properties": {"pga": 0.1083166}}, {"type": "Feature", "geometry": {"type": "Point", "coordinates": [-76.15656, 4.12626]}, "properties": {"pga": 0.109955}}, {"type": "Feature", "geometry": {"type": "Point", "coordinates": [-76.15628, 4.21619]}, "properties": {"pga": 0.110934}}, {"type": "Feature", "geometry": {"type": "Point", "coordinates": [-76.15599, 4.30612]}, "properties": {"pga": 0.1115408}}, {"type": "Feature", "geometry": {"type": "Point", "coordinates": [-76.1557, 4.39605]}, "properties": {"pga": 0.111922}}, {"type": "Feature", "geometry": {"type": "Point", "coordinates": [-76.15541, 4.48598]}, "properties": {"pga": 0.1121622}}, {"type": "Feature", "geometry": {"type": "Point", "coordinates": [-76.1551, 4.57592]}, "properties": {"pga": 0.112313}}, {"type": "Feature", "geometry": {"type": "Point", "coordinates": [-76.15479, 4.66585]}, "properties": {"pga": 0.1124067}}, {"type": "Feature", "geometry": {"type": "Point", "coordinates": [-76.15448, 4.75578]}, "properties": {"pga": 0.1124639}}, {"type": "Feature", "geometry": {"type": "Point", "coordinates": [-76.15416, 4.84571]}, "properties": {"pga": 0.1124982}}, {"type": "Feature", "geometry": {"type": "Point", "coordinates": [-76.15383, 4.93565]}, "properties": {"pga": 0.1125184}}, {"type": "Feature", "geometry": {"type": "Point", "coordinates": [-76.1535, 5.02558]}, "properties": {"pga": 0.1125299}}, {"type": "Feature", "geometry": {"type": "Point", "coordinates": [-76.15316, 5.11551]}, "properties": {"pga": 0.1125363}}, {"type": "Feature", "geometry": {"type": "Point", "coordinates": [-76.15281, 5.20544]}, "properties": {"pga": 0.1125397}}, {"type": "Feature", "geometry": {"type": "Point", "coordinates": [-76.15246, 5.29537]}, "properties": {"pga": 0.1125416}}, {"type": "Feature", "geometry": {"type": "Point", "coordinates": [-76.1521, 5.38531]}, "properties": {"pga": 0.1125426}}, {"type": "Feature", "geometry": {"type": "Point", "coordinates": [-76.15174, 5.47524]}, "properties": {"pga": 0.1125432}}, {"type": "Feature", "geometry": {"type": "Point", "coordinates": [-76.15137, 5.56517]}, "properties": {"pga": 0.1125435}}, {"type": "Feature", "geometry": {"type": "Point", "coordinates": [-76.15099, 5.6551]}, "properties": {"pga": 0.1125438}}, {"type": "Feature", "geometry": {"type": "Point", "coordinates": [-76.15061, 5.74503]}, "properties": {"pga": 0.112544}}, {"type": "Feature", "geometry": {"type": "Point", "coordinates": [-76.15022, 5.83497]}, "properties": {"pga": 0.1125443}}, {"type": "Feature", "geometry": {"type": "Point", "coordinates": [-76.14983, 5.9249]}, "properties": {"pga": 0.1125444}}, {"type": "Feature", "geometry": {"type": "Point", "coordinates": [-76.14943, 6.01483]}, "properties": {"pga": 0.1125447}}, {"type": "Feature", "geometry": {"type": "Point", "coordinates": [-76.14902, 6.10476]}, "properties": {"pga": 0.1125449}}, {"type": "Feature", "geometry": {"type": "Point", "coordinates": [-76.14861, 6.1947]}, "properties": {"pga": 0.1125451}}, {"type": "Feature", "geometry": {"type": "Point", "coordinates": [-76.14819, 6.28463]}, "properties": {"pga": 0.1125453}}, {"type": "Feature", "geometry": {"type": "Point", "coordinates": [-76.14776, 6.37456]}, "properties": {"pga": 0.1125456}}, {"type": "Feature", "geometry": {"type": "Point", "coordinates": [-76.14733, 6.46449]}, "properties": {"pga": 0.1125458}}, {"type": "Feature", "geometry": {"type": "Point", "coordinates": [-76.14689, 6.55442]}, "properties": {"pga": 0.112546}}, {"type": "Feature", "geometry": {"type": "Point", "coordinates": [-76.14645, 6.64436]}, "properties": {"pga": 0.1125462}}, {"type": "Feature", "geometry": {"type": "Point", "coordinates": [-76.146, 6.73429]}, "properties": {"pga": 0.1125464}}, {"type": "Feature", "geometry": {"type": "Point", "coordinates": [-76.14554, 6.82422]}, "properties": {"pga": 0.1125466}}, {"type": "Feature", "geometry": {"type": "Point", "coordinates": [-76.14508, 6.91415]}, "properties": {"pga": 0.1125468}}, {"type": "Feature", "geometry": {"type": "Point", "coordinates": [-76.14461, 7.00408]}, "properties": {"pga": 0.112547}}, {"type": "Feature", "geometry": {"type": "Point", "coordinates": [-76.14414, 7.09402]}, "properties": {"pga": 0.1125469}}, {"type": "Feature", "geometry": {"type": "Point", "coordinates": [-76.14366, 7.18395]}, "properties": {"pga": 0.1125467}}, {"type": "Feature", "geometry": {"type": "Point", "coordinates": [-76.14317, 7.27388]}, "properties": {"pga": 0.1125461}}, {"type": "Feature", "geometry": {"type": "Point", "coordinates": [-76.14267, 7.36381]}, "properties": {"pga": 0.1125446}}, {"type": "Feature", "geometry": {"type": "Point", "coordinates": [-76.14218, 7.45375]}, "properties": {"pga": 0.1125412}}, {"type": "Feature", "geometry": {"type": "Point", "coordinates": [-76.14167, 7.54368]}, "properties": {"pga": 0.1125349}}, {"type": "Feature", "geometry": {"type": "Point", "coordinates": [-76.14116, 7.63361]}, "properties": {"pga": 0.1125234}}, {"type": "Feature", "geometry": {"type": "Point", "coordinates": [-76.14064, 7.72354]}, "properties": {"pga": 0.1125032}}, {"type": "Feature", "geometry": {"type": "Point", "coordinates": [-76.14011, 7.81347]}, "properties": {"pga": 0.1124686}}, {"type": "Feature", "geometry": {"type": "Point", "coordinates": [-76.13958, 7.90341]}, "properties": {"pga": 0.1124112}}, {"type": "Feature", "geometry": {"type": "Point", "coordinates": [-76.13905, 7.99334]}, "properties": {"pga": 0.1123176}}, {"type": "Feature", "geometry": {"type": "Point", "coordinates": [-76.1385, 8.08327]}, "properties": {"pga": 0.1121673}}, {"type": "Feature", "geometry": {"type": "Point", "coordinates": [-76.13795, 8.1732]}, "properties": {"pga": 0.1119285}}, {"type": "Feature", "geometry": {"type": "Point", "coordinates": [-76.1374, 8.26314]}, "properties": {"pga": 0.1115502}}, {"type": "Feature", "geometry": {"type": "Point", "coordinates": [-76.13683, 8.35307]}, "properties": {"pga": 0.1109489}}, {"type": "Feature", "geometry": {"type": "Point", "coordinates": [-76.13626, 8.443]}, "properties": {"pga": 0.1099776}}, {"type": "Feature", "geometry": {"type": "Point", "coordinates": [-76.13569, 8.53293]}, "properties": {"pga": 0.1083488}}, {"type": "Feature", "geometry": {"type": "Point", "coordinates": [-76.13511, 8.62286]}, "properties": {"pga": 0.1053926}}, {"type": "Feature", "geometry": {"type": "Point", "coordinates": [-76.13452, 8.7128]}, "properties": {"pga": 0.0985309}}, {"type": "Feature", "geometry": {"type": "Point", "coordinates": [-76.13393, 8.80273]}, "properties": {"pga": 0.07362933}}, {"type": "Feature", "geometry": {"type": "Point", "coordinates": [-76.06749, 3.76653]}, "properties": {"pga": 0.07331338}}, {"type": "Feature", "geometry": {"type": "Point", "coordinates": [-76.06722, 3.85646]}, "properties": {"pga": 0.09826703}}, {"type": "Feature", "geometry": {"type": "Point", "coordinates": [-76.06695, 3.94639]}, "properties": {"pga": 0.1051902}}, {"type": "Feature", "geometry": {"type": "Point", "coordinates": [-76.06667, 4.03632]}, "properties": {"pga": 0.1081492}}, {"type": "Feature", "geometry": {"type": "Point", "coordinates": [-76.06639, 4.12626]}, "properties": {"pga": 0.1097796}}, {"type": "Feature", "geometry": {"type": "Point", "coordinates": [-76.0661, 4.21619]}, "properties": {"pga": 0.1107513}}, {"type": "Feature", "geometry": {"type": "Point", "coordinates": [-76.06581, 4.30612]}, "properties": {"pga": 0.1113516}}, {"type": "Feature", "geometry": {"type": "Point", "coordinates": [-76.06551, 4.39605]}, "properties": {"pga": 0.1117281}}, {"type": "Feature", "geometry": {"type": "Point", "coordinates": [-76.0652, 4.48598]}, "properties": {"pga": 0.1119649}}, {"type": "Feature", "geometry": {"type": "Point", "coordinates": [-76.06488, 4.57592]}, "properties": {"pga": 0.1121134}}, {"type": "Feature", "geometry": {"type": "Point", "coordinates": [-76.06456, 4.66585]}, "properties": {"pga": 0.1122054}}, {"type": "Feature", "geometry": {"type": "Point", "coordinates": [-76.06424, 4.75578]}, "properties": {"pga": 0.1122614}}, {"type": "Feature", "geometry": {"type": "Point", "coordinates": [-76.0639, 4.84571]}, "properties": {"pga": 0.1122953}}, {"type": "Feature", "geometry": {"type": "Point", "coordinates": [-76.06356, 4.93565]}, "properties": {"pga": 0.1123151}}, {"type": "Feature", "geometry": {"type": "Point", "coordinates": [-76.06322, 5.02558]}, "properties": {"pga": 0.1123263}}, {"type": "Feature", "geometry": {"type": "Point", "coordinates": [-76.06287, 5.11551]}, "properties": {"pga": 0.1123325}}, {"type": "Feature", "geometry": {"type": "Point", "coordinates": [-76.06251, 5.20544]}, "properties": {"pga": 0.1123358}}, {"type": "Feature", "geometry": {"type": "Point", "coordinates": [-76.06214, 5.29537]}, "properties": {"pga": 0.1123377}}, {"type": "Feature", "geometry": {"type": "Point", "coordinates": [-76.06177, 5.38531]}, "properties": {"pga": 0.1123387}}, {"type": "Feature", "geometry": {"type": "Point", "coordinates": [-76.06139, 5.47524]}, "properties": {"pga": 0.1123393}}, {"type": "Feature", "geometry": {"type": "Point", "coordinates": [-76.06101, 5.56517]}, "properties": {"pga": 0.1123396}}, {"type": "Feature", "geometry": {"type": "Point", "coordinates": [-76.06062, 5.6551]}, "properties": {"pga": 0.1123398}}, {"type": "Feature", "geometry": {"type": "Point", "coordinates": [-76.06022, 5.74503]}, "properties": {"pga": 0.1123401}}, {"type": "Feature", "geometry": {"type": "Point", "coordinates": [-76.05982, 5.83497]}, "properties": {"pga": 0.1123402}}, {"type": "Feature", "geometry": {"type": "Point", "coordinates": [-76.05941, 5.9249]}, "properties": {"pga": 0.1123405}}, {"type": "Feature", "geometry": {"type": "Point", "coordinates": [-76.059, 6.01483]}, "properties": {"pga": 0.1123406}}, {"type": "Feature", "geometry": {"type": "Point", "coordinates": [-76.05857, 6.10476]}, "properties": {"pga": 0.1123409}}, {"type": "Feature", "geometry": {"type": "Point", "coordinates": [-76.05815, 6.1947]}, "properties": {"pga": 0.1123411}}, {"type": "Feature", "geometry": {"type": "Point", "coordinates": [-76.05771, 6.28463]}, "properties": {"pga": 0.1123413}}, {"type": "Feature", "geometry": {"type": "Point", "coordinates": [-76.05727, 6.37456]}, "properties": {"pga": 0.1123415}}, {"type": "Feature", "geometry": {"type": "Point", "coordinates": [-76.05682, 6.46449]}, "properties": {"pga": 0.1123416}}, {"type": "Feature", "geometry": {"type": "Point", "coordinates": [-76.05637, 6.55442]}, "properties": {"pga": 0.1123418}}, {"type": "Feature", "geometry": {"type": "Point", "coordinates": [-76.05591, 6.64436]}, "properties": {"pga": 0.112342}}, {"type": "Feature", "geometry": {"type": "Point", "coordinates": [-76.05544, 6.73429]}, "properties": {"pga": 0.1123422}}, {"type": "Feature", "geometry": {"type": "Point", "coordinates": [-76.05497, 6.82422]}, "properties": {"pga": 0.1123423}}, {"type": "Feature", "geometry": {"type": "Point", "coordinates": [-76.05449, 6.91415]}, "properties": {"pga": 0.1123425}}, {"type": "Feature", "geometry": {"type": "Point", "coordinates": [-76.054, 7.00408]}, "properties": {"pga": 0.1123426}}, {"type": "Feature", "geometry": {"type": "Point", "coordinates": [-76.05351, 7.09402]}, "properties": {"pga": 0.1123426}}, {"type": "Feature", "geometry": {"type": "Point", "coordinates": [-76.05301, 7.18395]}, "properties": {"pga": 0.1123424}}, {"type": "Feature", "geometry": {"type": "Point", "coordinates": [-76.05251, 7.27388]}, "properties": {"pga": 0.1123416}}, {"type": "Feature", "geometry": {"type": "Point", "coordinates": [-76.05199, 7.36381]}, "properties": {"pga": 0.1123399}}, {"type": "Feature", "geometry": {"type": "Point", "coordinates": [-76.05148, 7.45375]}, "properties": {"pga": 0.1123364}}, {"type": "Feature", "geometry": {"type": "Point", "coordinates": [-76.05095, 7.54368]}, "properties": {"pga": 0.1123299}}, {"type": "Feature", "geometry": {"type": "Point", "coordinates": [-76.05042, 7.63361]}, "properties": {"pga": 0.1123179}}, {"type": "Feature", "geometry": {"type": "Point", "coordinates": [-76.04988, 7.72354]}, "properties": {"pga": 0.1122971}}, {"type": "Feature", "geometry": {"type": "Point", "coordinates": [-76.04934, 7.81347]}, "properties": {"pga": 0.1122617}}, {"type": "Feature", "geometry": {"type": "Point", "coordinates": [-76.04879, 7.90341]}, "properties": {"pga": 0.112203}}, {"type": "Feature", "geometry": {"type": "Point", "coordinates": [-76.04823, 7.99334]}, "properties": {"pga": 0.1121078}}, {"type": "Feature", "geometry": {"type": "Point", "coordinates": [-76.04767, 8.08327]}, "properties": {"pga": 0.1119555}}, {"type": "Feature", "geometry": {"type": "Point", "coordinates": [-76.0471, 8.1732]}, "properties": {"pga": 0.1117142}}, {"type": "Feature", "geometry": {"type": "Point", "coordinates": [-76.04652, 8.26314]}, "properties": {"pga": 0.1113334}}, {"type": "Feature", "geometry": {"type": "Point", "coordinates": [-76.04594, 8.35307]}, "properties": {"pga": 0.1107296}}, {"type": "Feature", "geometry": {"type": "Point", "coordinates": [-76.04535, 8.443]}, "properties": {"pga": 0.1097562}}, {"type": "Feature", "geometry": {"type": "Point", "coordinates": [-76.04475, 8.53293]}, "properties": {"pga": 0.1081251}}, {"type": "Feature", "geometry": {"type": "Point", "coordinates": [-76.04415, 8.62286]}, "properties": {"pga": 0.1051639}}, {"type": "Feature", "geometry": {"type": "Point", "coordinates": [-76.04354, 8.7128]}, "properties": {"pga": 0.09821735}}, {"type": "Feature", "geometry": {"type": "Point", "coordinates": [-76.04292, 8.80273]}, "properties": {"pga": 0.07323365}}, {"type": "Feature", "geometry": {"type": "Point", "coordinates": [-75.97736, 3.76653]}, "properties": {"pga": 0.07288358}}, {"type": "Feature", "geometry": {"type": "Point", "coordinates": [-75.97709, 3.85646]}, "properties": {"pga": 0.09790183}}, {"type": "Feature", "geometry": {"type": "Point", "coordinates": [-75.97681, 3.94639]}, "properties": {"pga": 0.1049058}}, {"type": "Feature", "geometry": {"type": "Point", "coordinates": [-75.97652, 4.03632]}, "properties": {"pga": 0.1078524}}, {"type": "Feature", "geometry": {"type": "Point", "coordinates": [-75.97623, 4.12626]}, "properties": {"pga": 0.1094682}}, {"type": "Feature", "geometry": {"type": "Point", "coordinates": [-75.97593, 4.21619]}, "properties": {"pga": 0.1104269}}, {"type": "Feature", "geometry": {"type": "Point", "coordinates": [-75.97562, 4.30612]}, "properties": {"pga": 0.1110172}}, {"type": "Feature", "geometry": {"type": "Point", "coordinates": [-75.97531, 4.39605]}, "properties": {"pga": 0.1113861}}, {"type": "Feature", "geometry": {"type": "Point", "coordinates": [-75.97499, 4.48598]}, "properties": {"pga": 0.1116177}}, {"type": "Feature", "geometry": {"type": "Point", "coordinates": [-75.97466, 4.57592]}, "properties": {"pga": 0.1117626}}, {"type": "Feature", "geometry": {"type": "Point", "coordinates": [-75.97433, 4.66585]}, "properties": {"pga": 0.1118522}}, {"type": "Feature", "geometry": {"type": "Point", "coordinates": [-75.97399, 4.75578]}, "properties": {"pga": 0.111907}}, {"type": "Feature", "geometry": {"type": "Point", "coordinates": [-75.97365, 4.84571]}, "properties": {"pga": 0.1119397}}, {"type": "Feature", "geometry": {"type": "Point", "coordinates": [-75.9733, 4.93565]}, "properties": {"pga": 0.1119589}}, {"type": "Feature", "geometry": {"type": "Point", "coordinates": [-75.97294, 5.02558]}, "properties": {"pga": 0.1119698}}, {"type": "Feature", "geometry": {"type": "Point", "coordinates": [-75.97257, 5.11551]}, "properties": {"pga": 0.111976}}, {"type": "Feature", "geometry": {"type": "Point", "coordinates": [-75.9722, 5.20544]}, "properties": {"pga": 0.1119793}}, {"type": "Feature", "geometry": {"type": "Point", "coordinates": [-75.97183, 5.29537]}, "properties": {"pga": 0.1119809}}, {"type": "Feature", "geometry": {"type": "Point", "coordinates": [-75.97144, 5.38531]}, "properties": {"pga": 0.1119819}}, {"type": "Feature", "geometry": {"type": "Point", "coordinates": [-75.97105, 5.47524]}, "properties": {"pga": 0.1119824}}, {"type": "Feature", "geometry": {"type": "Point", "coordinates": [-75.97065, 5.56517]}, "properties": {"pga": 0.1119827}}, {"type": "Feature", "geometry": {"type": "Point", "coordinates": [-75.97025, 5.6551]}, "properties": {"pga": 0.1119829}}, {"type": "Feature", "geometry": {"type": "Point", "coordinates": [-75.96984, 5.74503]}, "properties": {"pga": 0.111983}}, {"type": "Feature", "geometry": {"type": "Point", "coordinates": [-75.96942, 5.83497]}, "properties": {"pga": 0.1119833}}, {"type": "Feature", "geometry": {"type": "Point", "coordinates": [-75.969, 5.9249]}, "properties": {"pga": 0.1119834}}, {"type": "Feature", "geometry": {"type": "Point", "coordinates": [-75.96857, 6.01483]}, "properties": {"pga": 0.1119836}}, {"type": "Feature", "geometry": {"type": "Point", "coordinates": [-75.96813, 6.10476]}, "properties": {"pga": 0.1119838}}, {"type": "Feature", "geometry": {"type": "Point", "coordinates": [-75.96769, 6.1947]}, "properties": {"pga": 0.1119839}}, {"type": "Feature", "geometry": {"type": "Point", "coordinates": [-75.96724, 6.28463]}, "properties": {"pga": 0.1119841}}, {"type": "Feature", "geometry": {"type": "Point", "coordinates": [-75.96678, 6.37456]}, "properties": {"pga": 0.1119842}}, {"type": "Feature", "geometry": {"type": "Point", "coordinates": [-75.96632, 6.46449]}, "properties": {"pga": 0.1119844}}, {"type": "Feature", "geometry": {"type": "Point", "coordinates": [-75.96585, 6.55442]}, "properties": {"pga": 0.1119845}}, {"type": "Feature", "geometry": {"type": "Point", "coordinates": [-75.96537, 6.64436]}, "properties": {"pga": 0.1119847}}, {"type": "Feature", "geometry": {"type": "Point", "coordinates": [-75.96489, 6.73429]}, "properties": {"pga": 0.1119848}}, {"type": "Feature", "geometry": {"type": "Point", "coordinates": [-75.9644, 6.82422]}, "properties": {"pga": 0.1119849}}, {"type": "Feature", "geometry": {"type": "Point", "coordinates": [-75.9639, 6.91415]}, "properties": {"pga": 0.111985}}, {"type": "Feature", "geometry": {"type": "Point", "coordinates": [-75.9634, 7.00408]}, "properties": {"pga": 0.1119851}}, {"type": "Feature", "geometry": {"type": "Point", "coordinates": [-75.96288, 7.09402]}, "properties": {"pga": 0.1119851}}, {"type": "Feature", "geometry": {"type": "Point", "coordinates": [-75.96237, 7.18395]}, "properties": {"pga": 0.1119847}}, {"type": "Feature", "geometry": {"type": "Point", "coordinates": [-75.96184, 7.27388]}, "properties": {"pga": 0.1119838}}, {"type": "Feature", "geometry": {"type": "Point", "coordinates": [-75.96131, 7.36381]}, "properties": {"pga": 0.111982}}, {"type": "Feature", "geometry": {"type": "Point", "coordinates": [-75.96078, 7.45375]}, "properties": {"pga": 0.1119783}}, {"type": "Feature", "geometry": {"type": "Point", "coordinates": [-75.96023, 7.54368]}, "properties": {"pga": 0.1119714}}, {"type": "Feature", "geometry": {"type": "Point", "coordinates": [-75.95968, 7.63361]}, "properties": {"pga": 0.111959}}, {"type": "Feature", "geometry": {"type": "Point", "coordinates": [-75.95913, 7.72354]}, "properties": {"pga": 0.1119375}}, {"type": "Feature", "geometry": {"type": "Point", "coordinates": [-75.95856, 7.81347]}, "properties": {"pga": 0.1119012}}, {"type": "Feature", "geometry": {"type": "Point", "coordinates": [-75.95799, 7.90341]}, "properties": {"pga": 0.1118412}}, {"type": "Feature", "geometry": {"type": "Point", "coordinates": [-75.95742, 7.99334]}, "properties": {"pga": 0.1117441}}, {"type": "Feature", "geometry": {"type": "Point", "coordinates": [-75.95683, 8.08327]}, "properties": {"pga": 0.1115895}}, {"type": "Feature", "geometry": {"type": "Point", "coordinates": [-75.95624, 8.1732]}, "properties": {"pga": 0.1113453}}, {"type": "Feature", "geometry": {"type": "Point", "coordinates": [-75.95564, 8.26314]}, "properties": {"pga": 0.1109615}}, {"type": "Feature", "geometry": {"type": "Point", "coordinates": [-75.95504, 8.35307]}, "properties": {"pga": 0.1103562}}, {"type": "Feature", "geometry": {"type": "Point", "coordinates": [-75.95443, 8.443]}, "properties": {"pga": 0.1093841}}, {"type": "Feature", "geometry": {"type": "Point", "coordinates": [-75.95381, 8.53293]}, "properties": {"pga": 0.1077567}}, {"type": "Feature", "geometry": {"type": "Point", "coordinates": [-75.95319, 8.62286]}, "properties": {"pga": 0.1047987}}, {"type": "Feature", "geometry": {"type": "Point", "coordinates": [-75.95256, 8.7128]}, "properties": {"pga": 0.09773625}}, {"type": "Feature", "geometry": {"type": "Point", "coordinates": [-75.95192, 8.80273]}, "properties": {"pga": 0.07266756}}, {"type": "Feature", "geometry": {"type": "Point", "coordinates": [-75.88723, 3.76653]}, "properties": {"pga": 0.07219215}}, {"type": "Feature", "geometry": {"type": "Point", "coordinates": [-75.88695, 3.85646]}, "properties": {"pga": 0.0972749}}, {"type": "Feature", "geometry": {"type": "Point", "coordinates": [-75.88666, 3.94639]}, "properties": {"pga": 0.104407}}, {"type": "Feature", "geometry": {"type": "Point", "coordinates": [-75.88636, 4.03632]}, "properties": {"pga": 0.1073274}}, {"type": "Feature", "geometry": {"type": "Point", "coordinates": [-75.88606, 4.12626]}, "properties": {"pga": 0.1089168}}, {"type": "Feature", "geometry": {"type": "Point", "coordinates": [-75.88575, 4.21619]}, "properties": {"pga": 0.1098539}}, {"type": "Feature", "geometry": {"type": "Point", "coordinates": [-75.88543, 4.30612]}, "properties": {"pga": 0.1104283}}, {"type": "Feature", "geometry": {"type": "Point", "coordinates": [-75.88511, 4.39605]}, "properties": {"pga": 0.1107861}}, {"type": "Feature", "geometry": {"type": "Point", "coordinates": [-75.88478, 4.48598]}, "properties": {"pga": 0.1110101}}, {"type": "Feature", "geometry": {"type": "Point", "coordinates": [-75.88444, 4.57592]}, "properties": {"pga": 0.11115}}, {"type": "Feature", "geometry": {"type": "Point", "coordinates": [-75.8841, 4.66585]}, "properties": {"pga": 0.1112364}}, {"type": "Feature", "geometry": {"type": "Point", "coordinates": [-75.88375, 4.75578]}, "properties": {"pga": 0.1112892}}, {"type": "Feature", "geometry": {"type": "Point", "coordinates": [-75.88339, 4.84571]}, "properties": {"pga": 0.1113209}}, {"type": "Feature", "geometry": {"type": "Point", "coordinates": [-75.88303, 4.93565]}, "properties": {"pga": 0.1113393}}, {"type": "Feature", "geometry": {"type": "Point", "coordinates": [-75.88266, 5.02558]}, "properties": {"pga": 0.1113498}}, {"type": "Feature", "geometry": {"type": "Point", "coordinates": [-75.88228, 5.11551]}, "properties": {"pga": 0.1113556}}, {"type": "Feature", "geometry": {"type": "Point", "coordinates": [-75.8819, 5.20544]}, "properties": {"pga": 0.1113587}}, {"type": "Feature", "geometry": {"type": "Point", "coordinates": [-75.88151, 5.29537]}, "properties": {"pga": 0.1113603}}, {"type": "Feature", "geometry": {"type": "Point", "coordinates": [-75.88111, 5.38531]}, "properties": {"pga": 0.1113612}}, {"type": "Feature", "geometry": {"type": "Point", "coordinates": [-75.88071, 5.47524]}, "properties": {"pga": 0.1113616}}, {"type": "Feature", "geometry": {"type": "Point", "coordinates": [-75.88029, 5.56517]}, "properties": {"pga": 0.1113619}}, {"type": "Feature", "geometry": {"type": "Point", "coordinates": [-75.87988, 5.6551]}, "properties": {"pga": 0.111362}}, {"type": "Feature", "geometry": {"type": "Point", "coordinates": [-75.87945, 5.74503]}, "properties": {"pga": 0.1113622}}, {"type": "Feature", "geometry": {"type": "Point", "coordinates": [-75.87902, 5.83497]}, "properties": {"pga": 0.1113622}}, {"type": "Feature", "geometry": {"type": "Point", "coordinates": [-75.87858, 5.9249]}, "properties": {"pga": 0.1113623}}, {"type": "Feature", "geometry": {"type": "Point", "coordinates": [-75.87814, 6.01483]}, "properties": {"pga": 0.1113624}}, {"type": "Feature", "geometry": {"type": "Point", "coordinates": [-75.87768, 6.10476]}, "properties": {"pga": 0.1113626}}, {"type": "Feature", "geometry": {"type": "Point", "coordinates": [-75.87723, 6.1947]}, "properties": {"pga": 0.1113627}}, {"type": "Feature", "geometry": {"type": "Point", "coordinates": [-75.87676, 6.28463]}, "properties": {"pga": 0.1113628}}, {"type": "Feature", "geometry": {"type": "Point", "coordinates": [-75.87629, 6.37456]}, "properties": {"pga": 0.1113628}}, {"type": "Feature", "geometry": {"type": "Point", "coordinates": [-75.87581, 6.46449]}, "properties": {"pga": 0.111363}}, {"type": "Feature", "geometry": {"type": "Point", "coordinates": [-75.87532, 6.55442]}, "properties": {"pga": 0.111363}}, {"type": "Feature", "geometry": {"type": "Point", "coordinates": [-75.87483, 6.64436]}, "properties": {"pga": 0.1113631}}, {"type": "Feature", "geometry": {"type": "Point", "coordinates": [-75.87433, 6.73429]}, "properties": {"pga": 0.1113632}}, {"type": "Feature", "geometry": {"type": "Point", "coordinates": [-75.87382, 6.82422]}, "properties": {"pga": 0.1113633}}, {"type": "Feature", "geometry": {"type": "Point", "coordinates": [-75.87331, 6.91415]}, "properties": {"pga": 0.1113633}}, {"type": "Feature", "geometry": {"type": "Point", "coordinates": [-75.87279, 7.00408]}, "properties": {"pga": 0.1113632}}, {"type": "Feature", "geometry": {"type": "Point", "coordinates": [-75.87226, 7.09402]}, "properties": {"pga": 0.1113631}}, {"type": "Feature", "geometry": {"type": "Point", "coordinates": [-75.87172, 7.18395]}, "properties": {"pga": 0.1113626}}, {"type": "Feature", "geometry": {"type": "Point", "coordinates": [-75.87118, 7.27388]}, "properties": {"pga": 0.1113616}}, {"type": "Feature", "geometry": {"type": "Point", "coordinates": [-75.87063, 7.36381]}, "properties": {"pga": 0.1113596}}, {"type": "Feature", "geometry": {"type": "Point", "coordinates": [-75.87008, 7.45375]}, "properties": {"pga": 0.1113556}}, {"type": "Feature", "geometry": {"type": "Point", "coordinates": [-75.86952, 7.54368]}, "properties": {"pga": 0.1113484}}, {"type": "Feature", "geometry": {"type": "Point", "coordinates": [-75.86895, 7.63361]}, "properties": {"pga": 0.1113355}}, {"type": "Feature", "geometry": {"type": "Point", "coordinates": [-75.86837, 7.72354]}, "properties": {"pga": 0.1113132}}, {"type": "Feature", "geometry": {"type": "Point", "coordinates": [-75.86779, 7.81347]}, "properties": {"pga": 0.1112758}}, {"type": "Feature", "geometry": {"type": "Point", "coordinates": [-75.8672, 7.90341]}, "properties": {"pga": 0.1112143}}, {"type": "Feature", "geometry": {"type": "Point", "coordinates": [-75.8666, 7.99334]}, "properties": {"pga": 0.1111147}}, {"type": "Feature", "geometry": {"type": "Point", "coordinates": [-75.866, 8.08327]}, "properties": {"pga": 0.1109563}}, {"type": "Feature", "geometry": {"type": "Point", "coordinates": [-75.86539, 8.1732]}, "properties": {"pga": 0.1107067}}, {"type": "Feature", "geometry": {"type": "Point", "coordinates": [-75.86477, 8.26314]}, "properties": {"pga": 0.1103165}}, {"type": "Feature", "geometry": {"type": "Point", "coordinates": [-75.86414, 8.35307]}, "properties": {"pga": 0.1097055}}, {"type": "Feature", "geometry": {"type": "Point", "coordinates": [-75.86351, 8.443]}, "properties": {"pga": 0.1087334}}, {"type": "Feature", "geometry": {"type": "Point", "coordinates": [-75.86287, 8.53293]}, "properties": {"pga": 0.1071136}}, {"type": "Feature", "geometry": {"type": "Point", "coordinates": [-75.86223, 8.62286]}, "properties": {"pga": 0.1041685}}, {"type": "Feature", "geometry": {"type": "Point", "coordinates": [-75.86157, 8.7128]}, "properties": {"pga": 0.0969312}}, {"type": "Feature", "geometry": {"type": "Point", "coordinates": [-75.86091, 8.80273]}, "properties": {"pga": 0.07178459}}, {"type": "Feature", "geometry": {"type": "Point", "coordinates": [-75.7971, 3.76653]}, "properties": {"pga": 0.07106143}}, {"type": "Feature", "geometry": {"type": "Point", "coordinates": [-75.79681, 3.85646]}, "properties": {"pga": 0.09618317}}, {"type": "Feature", "geometry": {"type": "Point", "coordinates": [-75.79651, 3.94639]}, "properties": {"pga": 0.1035147}}, {"type": "Feature", "geometry": {"type": "Point", "coordinates": [-75.79621, 4.03632]}, "properties": {"pga": 0.1063817}}, {"type": "Feature", "geometry": {"type": "Point", "coordinates": [-75.79589, 4.12626]}, "properties": {"pga": 0.1079247}}, {"type": "Feature", "geometry": {"type": "Point", "coordinates": [-75.79557, 4.21619]}, "properties": {"pga": 0.1088278}}, {"type": "Feature", "geometry": {"type": "Point", "coordinates": [-75.79525, 4.30612]}, "properties": {"pga": 0.1093785}}, {"type": "Feature", "geometry": {"type": "Point", "coordinates": [-75.79491, 4.39605]}, "properties": {"pga": 0.1097209}}, {"type": "Feature", "geometry": {"type": "Point", "coordinates": [-75.79457, 4.48598]}, "properties": {"pga": 0.1099349}}, {"type": "Feature", "geometry": {"type": "Point", "coordinates": [-75.79422, 4.57592]}, "properties": {"pga": 0.1100685}}, {"type": "Feature", "geometry": {"type": "Point", "coordinates": [-75.79387, 4.66585]}, "properties": {"pga": 0.1101511}}, {"type": "Feature", "geometry": {"type": "Point", "coordinates": [-75.79351, 4.75578]}, "properties": {"pga": 0.1102015}}, {"type": "Feature", "geometry": {"type": "Point", "coordinates": [-75.79314, 4.84571]}, "properties": {"pga": 0.1102316}}, {"type": "Feature", "geometry": {"type": "Point", "coordinates": [-75.79276, 4.93565]}, "properties": {"pga": 0.1102493}}, {"type": "Feature", "geometry": {"type": "Point", "coordinates": [-75.79238, 5.02558]}, "properties": {"pga": 0.1102592}}, {"type": "Feature", "geometry": {"type": "Point", "coordinates": [-75.79199, 5.11551]}, "properties": {"pga": 0.1102647}}, {"type": "Feature", "geometry": {"type": "Point", "coordinates": [-75.79159, 5.20544]}, "properties": {"pga": 0.1102676}}, {"type": "Feature", "geometry": {"type": "Point", "coordinates": [-75.79119, 5.29537]}, "properties": {"pga": 0.1102691}}, {"type": "Feature", "geometry": {"type": "Point", "coordinates": [-75.79078, 5.38531]}, "properties": {"pga": 0.1102697}}, {"type": "Feature", "geometry": {"type": "Point", "coordinates": [-75.79036, 5.47524]}, "properties": {"pga": 0.1102701}}, {"type": "Feature", "geometry": {"type": "Point", "coordinates": [-75.78994, 5.56517]}, "properties": {"pga": 0.1102702}}, {"type": "Feature", "geometry": {"type": "Point", "coordinates": [-75.7895, 5.6551]}, "properties": {"pga": 0.1102703}}, {"type": "Feature", "geometry": {"type": "Point", "coordinates": [-75.78907, 5.74503]}, "properties": {"pga": 0.1102703}}, {"type": "Feature", "geometry": {"type": "Point", "coordinates": [-75.78862, 5.83497]}, "properties": {"pga": 0.1102703}}, {"type": "Feature", "geometry": {"type": "Point", "coordinates": [-75.78817, 5.9249]}, "properties": {"pga": 0.1102703}}, {"type": "Feature", "geometry": {"type": "Point", "coordinates": [-75.78771, 6.01483]}, "properties": {"pga": 0.1102703}}, {"type": "Feature", "geometry": {"type": "Point", "coordinates": [-75.78724, 6.10476]}, "properties": {"pga": 0.1102703}}, {"type": "Feature", "geometry": {"type": "Point", "coordinates": [-75.78677, 6.1947]}, "properties": {"pga": 0.1102703}}, {"type": "Feature", "geometry": {"type": "Point", "coordinates": [-75.78628, 6.28463]}, "properties": {"pga": 0.1102703}}, {"type": "Feature", "geometry": {"type": "Point", "coordinates": [-75.7858, 6.37456]}, "properties": {"pga": 0.1102703}}, {"type": "Feature", "geometry": {"type": "Point", "coordinates": [-75.7853, 6.46449]}, "properties": {"pga": 0.1102703}}, {"type": "Feature", "geometry": {"type": "Point", "coordinates": [-75.7848, 6.55442]}, "properties": {"pga": 0.1102702}}, {"type": "Feature", "geometry": {"type": "Point", "coordinates": [-75.78429, 6.64436]}, "properties": {"pga": 0.1102701}}, {"type": "Feature", "geometry": {"type": "Point", "coordinates": [-75.78377, 6.73429]}, "properties": {"pga": 0.1102701}}, {"type": "Feature", "geometry": {"type": "Point", "coordinates": [-75.78325, 6.82422]}, "properties": {"pga": 0.11027}}, {"type": "Feature", "geometry": {"type": "Point", "coordinates": [-75.78272, 6.91415]}, "properties": {"pga": 0.1102699}}, {"type": "Feature", "geometry": {"type": "Point", "coordinates": [-75.78218, 7.00408]}, "properties": {"pga": 0.1102698}}, {"type": "Feature", "geometry": {"type": "Point", "coordinates": [-75.78163, 7.09402]}, "properties": {"pga": 0.1102694}}, {"type": "Feature", "geometry": {"type": "Point", "coordinates": [-75.78108, 7.18395]}, "properties": {"pga": 0.1102688}}, {"type": "Feature", "geometry": {"type": "Point", "coordinates": [-75.78052, 7.27388]}, "properties": {"pga": 0.1102676}}, {"type": "Feature", "geometry": {"type": "Point", "coordinates": [-75.77995, 7.36381]}, "properties": {"pga": 0.1102652}}, {"type": "Feature", "geometry": {"type": "Point", "coordinates": [-75.77938, 7.45375]}, "properties": {"pga": 0.110261}}, {"type": "Feature", "geometry": {"type": "Point", "coordinates": [-75.7788, 7.54368]}, "properties": {"pga": 0.1102533}}, {"type": "Feature", "geometry": {"type": "Point", "coordinates": [-75.77821, 7.63361]}, "properties": {"pga": 0.1102398}}, {"type": "Feature", "geometry": {"type": "Point", "coordinates": [-75.77762, 7.72354]}, "properties": {"pga": 0.1102168}}, {"type": "Feature", "geometry": {"type": "Point", "coordinates": [-75.77701, 7.81347]}, "properties": {"pga": 0.110178}}, {"type": "Feature", "geometry": {"type": "Point", "coordinates": [-75.7764, 7.90341]}, "properties": {"pga": 0.1101142}}, {"type": "Feature", "geometry": {"type": "Point", "coordinates": [-75.77579, 7.99334]}, "properties": {"pga": 0.1100113}}, {"type": "Feature", "geometry": {"type": "Point", "coordinates": [-75.77516, 8.08327]}, "properties": {"pga": 0.1098465}}, {"type": "Feature", "geometry": {"type": "Point", "coordinates": [-75.77453, 8.1732]}, "properties": {"pga": 0.1095859}}, {"type": "Feature", "geometry": {"type": "Point", "coordinates": [-75.77389, 8.26314]}, "properties": {"pga": 0.1091772}}, {"type": "Feature", "geometry": {"type": "Point", "coordinates": [-75.77325, 8.35307]}, "properties": {"pga": 0.1085421}}, {"type": "Feature", "geometry": {"type": "Point", "coordinates": [-75.77259, 8.443]}, "properties": {"pga": 0.1075516}}, {"type": "Feature", "geometry": {"type": "Point", "coordinates": [-75.77193, 8.53293]}, "properties": {"pga": 0.1059323}}, {"type": "Feature", "geometry": {"type": "Point", "coordinates": [-75.77127, 8.62286]}, "properties": {"pga": 0.1030145}}, {"type": "Feature", "geometry": {"type": "Point", "coordinates": [-75.77059, 8.7128]}, "properties": {"pga": 0.09550357}}, {"type": "Feature", "geometry": {"type": "Point", "coordinates": [-75.76991, 8.80273]}, "properties": {"pga": 0.07032722}}, {"type": "Feature", "geometry": {"type": "Point", "coordinates": [-75.70698, 3.76653]}, "properties": {"pga": 0.0691359}}, {"type": "Feature", "geometry": {"type": "Point", "coordinates": [-75.70668, 3.85646]}, "properties": {"pga": 0.09418683}}, {"type": "Feature", "geometry": {"type": "Point", "coordinates": [-75.70637, 3.94639]}, "properties": {"pga": 0.1018297}}, {"type": "Feature", "geometry": {"type": "Point", "coordinates": [-75.70605, 4.03632]}, "properties": {"pga": 0.1045902}}, {"type": "Feature", "geometry": {"type": "Point", "coordinates": [-75.70573, 4.12626]}, "properties": {"pga": 0.1060566}}, {"type": "Feature", "geometry": {"type": "Point", "coordinates": [-75.7054, 4.21619]}, "properties": {"pga": 0.1069101}}, {"type": "Feature", "geometry": {"type": "Point", "coordinates": [-75.70506, 4.30612]}, "properties": {"pga": 0.1074298}}, {"type": "Feature", "geometry": {"type": "Point", "coordinates": [-75.70472, 4.39605]}, "properties": {"pga": 0.107753}}, {"type": "Feature", "geometry": {"type": "Point", "coordinates": [-75.70436, 4.48598]}, "properties": {"pga": 0.1079553}}, {"type": "Feature", "geometry": {"type": "Point", "coordinates": [-75.704, 4.57592]}, "properties": {"pga": 0.1080818}}, {"type": "Feature", "geometry": {"type": "Point", "coordinates": [-75.70364, 4.66585]}, "properties": {"pga": 0.1081603}}, {"type": "Feature", "geometry": {"type": "Point", "coordinates": [-75.70327, 4.75578]}, "properties": {"pga": 0.1082082}}, {"type": "Feature", "geometry": {"type": "Point", "coordinates": [-75.70288, 4.84571]}, "properties": {"pga": 0.1082367}}, {"type": "Feature", "geometry": {"type": "Point", "coordinates": [-75.7025, 4.93565]}, "properties": {"pga": 0.1082535}}, {"type": "Feature", "geometry": {"type": "Point", "coordinates": [-75.7021, 5.02558]}, "properties": {"pga": 0.1082628}}, {"type": "Feature", "geometry": {"type": "Point", "coordinates": [-75.7017, 5.11551]}, "properties": {"pga": 0.108268}}, {"type": "Feature", "geometry": {"type": "Point", "coordinates": [-75.70129, 5.20544]}, "properties": {"pga": 0.1082705}}, {"type": "Feature", "geometry": {"type": "Point", "coordinates": [-75.70087, 5.29537]}, "properties": {"pga": 0.1082717}}, {"type": "Feature", "geometry": {"type": "Point", "coordinates": [-75.70045, 5.38531]}, "properties": {"pga": 0.1082722}}, {"type": "Feature", "geometry": {"type": "Point", "coordinates": [-75.70002, 5.47524]}, "properties": {"pga": 0.1082724}}, {"type": "Feature", "geometry": {"type": "Point", "coordinates": [-75.69958, 5.56517]}, "properties": {"pga": 0.1082722}}, {"type": "Feature", "geometry": {"type": "Point", "coordinates": [-75.69913, 5.6551]}, "properties": {"pga": 0.108272}}, {"type": "Feature", "geometry": {"type": "Point", "coordinates": [-75.69868, 5.74503]}, "properties": {"pga": 0.1082719}}, {"type": "Feature", "geometry": {"type": "Point", "coordinates": [-75.69822, 5.83497]}, "properties": {"pga": 0.1082717}}, {"type": "Feature", "geometry": {"type": "Point", "coordinates": [-75.69775, 5.9249]}, "properties": {"pga": 0.1082715}}, {"type": "Feature", "geometry": {"type": "Point", "coordinates": [-75.69728, 6.01483]}, "properties": {"pga": 0.1082713}}, {"type": "Feature", "geometry": {"type": "Point", "coordinates": [-75.69679, 6.10476]}, "properties": {"pga": 0.108271}}, {"type": "Feature", "geometry": {"type": "Point", "coordinates": [-75.6963, 6.1947]}, "properties": {"pga": 0.1082707}}, {"type": "Feature", "geometry": {"type": "Point", "coordinates": [-75.69581, 6.28463]}, "properties": {"pga": 0.1082706}}, {"type": "Feature", "geometry": {"type": "Point", "coordinates": [-75.6953, 6.37456]}, "properties": {"pga": 0.1082702}}, {"type": "Feature", "geometry": {"type": "Point", "coordinates": [-75.69479, 6.46449]}, "properties": {"pga": 0.10827}}, {"type": "Feature", "geometry": {"type": "Point", "coordinates": [-75.69427, 6.55442]}, "properties": {"pga": 0.1082697}}, {"type": "Feature", "geometry": {"type": "Point", "coordinates": [-75.69375, 6.64436]}, "properties": {"pga": 0.1082695}}, {"type": "Feature", "geometry": {"type": "Point", "coordinates": [-75.69321, 6.73429]}, "properties": {"pga": 0.1082691}}, {"type": "Feature", "geometry": {"type": "Point", "coordinates": [-75.69267, 6.82422]}, "properties": {"pga": 0.1082687}}, {"type": "Feature", "geometry": {"type": "Point", "coordinates": [-75.69213, 6.91415]}, "properties": {"pga": 0.1082685}}, {"type": "Feature", "geometry": {"type": "Point", "coordinates": [-75.69157, 7.00408]}, "properties": {"pga": 0.108268}}, {"type": "Feature", "geometry": {"type": "Point", "coordinates": [-75.69101, 7.09402]}, "properties": {"pga": 0.1082675}}, {"type": "Feature", "geometry": {"type": "Point", "coordinates": [-75.69044, 7.18395]}, "properties": {"pga": 0.1082665}}, {"type": "Feature", "geometry": {"type": "Point", "coordinates": [-75.68986, 7.27388]}, "properties": {"pga": 0.1082649}}, {"type": "Feature", "geometry": {"type": "Point", "coordinates": [-75.68927, 7.36381]}, "properties": {"pga": 0.1082621}}, {"type": "Feature", "geometry": {"type": "Point", "coordinates": [-75.68868, 7.45375]}, "properties": {"pga": 0.1082574}}, {"type": "Feature", "geometry": {"type": "Point", "coordinates": [-75.68808, 7.54368]}, "properties": {"pga": 0.1082491}}, {"type": "Feature", "geometry": {"type": "Point", "coordinates": [-75.68748, 7.63361]}, "properties": {"pga": 0.1082349}}, {"type": "Feature", "geometry": {"type": "Point", "coordinates": [-75.68686, 7.72354]}, "properties": {"pga": 0.1082105}}, {"type": "Feature", "geometry": {"type": "Point", "coordinates": [-75.68624, 7.81347]}, "properties": {"pga": 0.1081701}}, {"type": "Feature", "geometry": {"type": "Point", "coordinates": [-75.68561, 7.90341]}, "properties": {"pga": 0.1081036}}, {"type": "Feature", "geometry": {"type": "Point", "coordinates": [-75.68497, 7.99334]}, "properties": {"pga": 0.1079954}}, {"type": "Feature", "geometry": {"type": "Point", "coordinates": [-75.68433, 8.08327]}, "properties": {"pga": 0.107821}}, {"type": "Feature", "geometry": {"type": "Point", "coordinates": [-75.68368, 8.1732]}, "properties": {"pga": 0.1075389}}, {"type": "Feature", "geometry": {"type": "Point", "coordinates": [-75.68302, 8.26314]}, "properties": {"pga": 0.1070828}}, {"type": "Feature", "geometry": {"type": "Point", "coordinates": [-75.68235, 8.35307]}, "properties": {"pga": 0.1063558}}, {"type": "Feature", "geometry": {"type": "Point", "coordinates": [-75.68168, 8.443]}, "properties": {"pga": 0.1052519}}, {"type": "Feature", "geometry": {"type": "Point", "coordinates": [-75.681, 8.53293]}, "properties": {"pga": 0.1035635}}, {"type": "Feature", "geometry": {"type": "Point", "coordinates": [-75.68031, 8.62286]}, "properties": {"pga": 0.1006859}}, {"type": "Feature", "geometry": {"type": "Point", "coordinates": [-75.67961, 8.7128]}, "properties": {"pga": 0.09272909}}, {"type": "Feature", "geometry": {"type": "Point", "coordinates": [-75.67891, 8.80273]}, "properties": {"pga": 0.06774112}}, {"type": "Feature", "geometry": {"type": "Point", "coordinates": [-75.61685, 3.76653]}, "properties": {"pga": 0.06554524}}, {"type": "Feature", "geometry": {"type": "Point", "coordinates": [-75.61654, 3.85646]}, "properties": {"pga": 0.09001623}}, {"type": "Feature", "geometry": {"type": "Point", "coordinates": [-75.61622, 3.94639]}, "properties": {"pga": 0.0977082}}, {"type": "Feature", "geometry": {"type": "Point", "coordinates": [-75.6159, 4.03632]}, "properties": {"pga": 0.1007541}}, {"type": "Feature", "geometry": {"type": "Point", "coordinates": [-75.61556, 4.12626]}, "properties": {"pga": 0.1021143}}, {"type": "Feature", "geometry": {"type": "Point", "coordinates": [-75.61522, 4.21619]}, "properties": {"pga": 0.1029102}}, {"type": "Feature", "geometry": {"type": "Point", "coordinates": [-75.61487, 4.30612]}, "properties": {"pga": 0.1033982}}, {"type": "Feature", "geometry": {"type": "Point", "coordinates": [-75.61452, 4.39605]}, "properties": {"pga": 0.1037044}}, {"type": "Feature", "geometry": {"type": "Point", "coordinates": [-75.61416, 4.48598]}, "properties": {"pga": 0.1038974}}, {"type": "Feature", "geometry": {"type": "Point", "coordinates": [-75.61379, 4.57592]}, "properties": {"pga": 0.1040186}}, {"type": "Feature", "geometry": {"type": "Point", "coordinates": [-75.61341, 4.66585]}, "properties": {"pga": 0.104094}}, {"type": "Feature", "geometry": {"type": "Point", "coordinates": [-75.61302, 4.75578]}, "properties": {"pga": 0.10414}}, {"type": "Feature", "geometry": {"type": "Point", "coordinates": [-75.61263, 4.84571]}, "properties": {"pga": 0.1041677}}, {"type": "Feature", "geometry": {"type": "Point", "coordinates": [-75.61223, 4.93565]}, "properties": {"pga": 0.1041836}}, {"type": "Feature", "geometry": {"type": "Point", "coordinates": [-75.61182, 5.02558]}, "properties": {"pga": 0.1041924}}, {"type": "Feature", "geometry": {"type": "Point", "coordinates": [-75.61141, 5.11551]}, "properties": {"pga": 0.1041972}}, {"type": "Feature", "geometry": {"type": "Point", "coordinates": [-75.61098, 5.20544]}, "properties": {"pga": 0.1041988}}, {"type": "Feature", "geometry": {"type": "Point", "coordinates": [-75.61056, 5.29537]}, "properties": {"pga": 0.1042}}, {"type": "Feature", "geometry": {"type": "Point", "coordinates": [-75.61012, 5.38531]}, "properties": {"pga": 0.1041998}}, {"type": "Feature", "geometry": {"type": "Point", "coordinates": [-75.60967, 5.47524]}, "properties": {"pga": 0.1041991}}, {"type": "Feature", "geometry": {"type": "Point", "coordinates": [-75.60922, 5.56517]}, "properties": {"pga": 0.1041986}}, {"type": "Feature", "geometry": {"type": "Point", "coordinates": [-75.60876, 5.6551]}, "properties": {"pga": 0.1041979}}, {"type": "Feature", "geometry": {"type": "Point", "coordinates": [-75.60829, 5.74503]}, "properties": {"pga": 0.104197}}, {"type": "Feature", "geometry": {"type": "Point", "coordinates": [-75.60782, 5.83497]}, "properties": {"pga": 0.1041965}}, {"type": "Feature", "geometry": {"type": "Point", "coordinates": [-75.60734, 5.9249]}, "properties": {"pga": 0.1041959}}, {"type": "Feature", "geometry": {"type": "Point", "coordinates": [-75.60685, 6.01483]}, "properties": {"pga": 0.1041951}}, {"type": "Feature", "geometry": {"type": "Point", "coordinates": [-75.60635, 6.10476]}, "properties": {"pga": 0.1041941}}, {"type": "Feature", "geometry": {"type": "Point", "coordinates": [-75.60584, 6.1947]}, "properties": {"pga": 0.104193}}, {"type": "Feature", "geometry": {"type": "Point", "coordinates": [-75.60533, 6.28463]}, "properties": {"pga": 0.1041923}}, {"type": "Feature", "geometry": {"type": "Point", "coordinates": [-75.60481, 6.37456]}, "properties": {"pga": 0.1041915}}, {"type": "Feature", "geometry": {"type": "Point", "coordinates": [-75.60428, 6.46449]}, "properties": {"pga": 0.1041904}}, {"type": "Feature", "geometry": {"type": "Point", "coordinates": [-75.60375, 6.55442]}, "properties": {"pga": 0.1041898}}, {"type": "Feature", "geometry": {"type": "Point", "coordinates": [-75.60321, 6.64436]}, "properties": {"pga": 0.104189}}, {"type": "Feature", "geometry": {"type": "Point", "coordinates": [-75.60266, 6.73429]}, "properties": {"pga": 0.1041881}}, {"type": "Feature", "geometry": {"type": "Point", "coordinates": [-75.6021, 6.82422]}, "properties": {"pga": 0.1041869}}, {"type": "Feature", "geometry": {"type": "Point", "coordinates": [-75.60153, 6.91415]}, "properties": {"pga": 0.1041857}}, {"type": "Feature", "geometry": {"type": "Point", "coordinates": [-75.60096, 7.00408]}, "properties": {"pga": 0.1041847}}, {"type": "Feature", "geometry": {"type": "Point", "coordinates": [-75.60038, 7.09402]}, "properties": {"pga": 0.1041834}}, {"type": "Feature", "geometry": {"type": "Point", "coordinates": [-75.59979, 7.18395]}, "properties": {"pga": 0.1041816}}, {"type": "Feature", "geometry": {"type": "Point", "coordinates": [-75.5992, 7.27388]}, "properties": {"pga": 0.1041795}}, {"type": "Feature", "geometry": {"type": "Point", "coordinates": [-75.59859, 7.36381]}, "properties": {"pga": 0.1041755}}, {"type": "Feature", "geometry": {"type": "Point", "coordinates": [-75.59798, 7.45375]}, "properties": {"pga": 0.1041697}}, {"type": "Feature", "geometry": {"type": "Point", "coordinates": [-75.59737, 7.54368]}, "properties": {"pga": 0.1041606}}, {"type": "Feature", "geometry": {"type": "Point", "coordinates": [-75.59674, 7.63361]}, "properties": {"pga": 0.1041444}}, {"type": "Feature", "geometry": {"type": "Point", "coordinates": [-75.59611, 7.72354]}, "properties": {"pga": 0.1041181}}, {"type": "Feature", "geometry": {"type": "Point", "coordinates": [-75.59546, 7.81347]}, "properties": {"pga": 0.1040739}}, {"type": "Feature", "geometry": {"type": "Point", "coordinates": [-75.59482, 7.90341]}, "properties": {"pga": 0.1040033}}, {"type": "Feature", "geometry": {"type": "Point", "coordinates": [-75.59416, 7.99334]}, "properties": {"pga": 0.1038871}}, {"type": "Feature", "geometry": {"type": "Point", "coordinates": [-75.59349, 8.08327]}, "properties": {"pga": 0.103697}}, {"type": "Feature", "geometry": {"type": "Point", "coordinates": [-75.59282, 8.1732]}, "properties": {"pga": 0.10338}}, {"type": "Feature", "geometry": {"type": "Point", "coordinates": [-75.59214, 8.26314]}, "properties": {"pga": 0.1028236}}, {"type": "Feature", "geometry": {"type": "Point", "coordinates": [-75.59145, 8.35307]}, "properties": {"pga": 0.1017621}}, {"type": "Feature", "geometry": {"type": "Point", "coordinates": [-75.59076, 8.443]}, "properties": {"pga": 0.09986911}}, {"type": "Feature", "geometry": {"type": "Point", "coordinates": [-75.59006, 8.53293]}, "properties": {"pga": 0.0970564}}, {"type": "Feature", "geometry": {"type": "Point", "coordinates": [-75.58935, 8.62286]}, "properties": {"pga": 0.09344681}}, {"type": "Feature", "geometry": {"type": "Point", "coordinates": [-75.58863, 8.7128]}, "properties": {"pga": 0.08593984}}, {"type": "Feature", "geometry": {"type": "Point", "coordinates": [-75.5879, 8.80273]}, "properties": {"pga": 0.06249753}}, {"type": "Feature", "geometry": {"type": "Point", "coordinates": [-75.52672, 3.76653]}, "properties": {"pga": 0.05761972}}, {"type": "Feature", "geometry": {"type": "Point", "coordinates": [-75.5264, 3.85646]}, "properties": {"pga": 0.07718513}}, {"type": "Feature", "geometry": {"type": "Point", "coordinates": [-75.52608, 3.94639]}, "properties": {"pga": 0.08368403}}, {"type": "Feature", "geometry": {"type": "Point", "coordinates": [-75.52574, 4.03632]}, "properties": {"pga": 0.08657984}}, {"type": "Feature", "geometry": {"type": "Point", "coordinates": [-75.5254, 4.12626]}, "properties": {"pga": 0.08818301}}, {"type": "Feature", "geometry": {"type": "Point", "coordinates": [-75.52505, 4.21619]}, "properties": {"pga": 0.08915117}}, {"type": "Feature", "geometry": {"type": "Point", "coordinates": [-75.52469, 4.30612]}, "properties": {"pga": 0.08976018}}, {"type": "Feature", "geometry": {"type": "Point", "coordinates": [-75.52432, 4.39605]}, "properties": {"pga": 0.09014978}}, {"type": "Feature", "geometry": {"type": "Point", "coordinates": [-75.52395, 4.48598]}, "properties": {"pga": 0.09040256}}, {"type": "Feature", "geometry": {"type": "Point", "coordinates": [-75.52357, 4.57592]}, "properties": {"pga": 0.09056454}}, {"type": "Feature", "geometry": {"type": "Point", "coordinates": [-75.52318, 4.66585]}, "properties": {"pga": 0.09066671}}, {"type": "Feature", "geometry": {"type": "Point", "coordinates": [-75.52278, 4.75578]}, "properties": {"pga": 0.09072946}}, {"type": "Feature", "geometry": {"type": "Point", "coordinates": [-75.52238, 4.84571]}, "properties": {"pga": 0.09076913}}, {"type": "Feature", "geometry": {"type": "Point", "coordinates": [-75.52196, 4.93565]}, "properties": {"pga": 0.09078904}}, {"type": "Feature", "geometry": {"type": "Point", "coordinates": [-75.52154, 5.02558]}, "properties": {"pga": 0.09080078}}, {"type": "Feature", "geometry": {"type": "Point", "coordinates": [-75.52112, 5.11551]}, "properties": {"pga": 0.09080822}}, {"type": "Feature", "geometry": {"type": "Point", "coordinates": [-75.52068, 5.20544]}, "properties": {"pga": 0.09080827}}, {"type": "Feature", "geometry": {"type": "Point", "coordinates": [-75.52024, 5.29537]}, "properties": {"pga": 0.09080818}}, {"type": "Feature", "geometry": {"type": "Point", "coordinates": [-75.51979, 5.38531]}, "properties": {"pga": 0.09080609}}, {"type": "Feature", "geometry": {"type": "Point", "coordinates": [-75.51933, 5.47524]}, "properties": {"pga": 0.09080255}}, {"type": "Feature", "geometry": {"type": "Point", "coordinates": [-75.51886, 5.56517]}, "properties": {"pga": 0.09079786}}, {"type": "Feature", "geometry": {"type": "Point", "coordinates": [-75.51839, 5.6551]}, "properties": {"pga": 0.09079512}}, {"type": "Feature", "geometry": {"type": "Point", "coordinates": [-75.51791, 5.74503]}, "properties": {"pga": 0.09079155}}, {"type": "Feature", "geometry": {"type": "Point", "coordinates": [-75.51742, 5.83497]}, "properties": {"pga": 0.09078731}}, {"type": "Feature", "geometry": {"type": "Point", "coordinates": [-75.51692, 5.9249]}, "properties": {"pga": 0.09078226}}, {"type": "Feature", "geometry": {"type": "Point", "coordinates": [-75.51642, 6.01483]}, "properties": {"pga": 0.09077928}}, {"type": "Feature", "geometry": {"type": "Point", "coordinates": [-75.5159, 6.10476]}, "properties": {"pga": 0.09077284}}, {"type": "Feature", "geometry": {"type": "Point", "coordinates": [-75.51538, 6.1947]}, "properties": {"pga": 0.09076853}}, {"type": "Feature", "geometry": {"type": "Point", "coordinates": [-75.51486, 6.28463]}, "properties": {"pga": 0.09076632}}, {"type": "Feature", "geometry": {"type": "Point", "coordinates": [-75.51432, 6.37456]}, "properties": {"pga": 0.09076059}}, {"type": "Feature", "geometry": {"type": "Point", "coordinates": [-75.51378, 6.46449]}, "properties": {"pga": 0.09075696}}, {"type": "Feature", "geometry": {"type": "Point", "coordinates": [-75.51323, 6.55442]}, "properties": {"pga": 0.09075266}}, {"type": "Feature", "geometry": {"type": "Point", "coordinates": [-75.51267, 6.64436]}, "properties": {"pga": 0.0907476}}, {"type": "Feature", "geometry": {"type": "Point", "coordinates": [-75.5121, 6.73429]}, "properties": {"pga": 0.09074185}}, {"type": "Feature", "geometry": {"type": "Point", "coordinates": [-75.51153, 6.82422]}, "properties": {"pga": 0.09073819}}, {"type": "Feature", "geometry": {"type": "Point", "coordinates": [-75.51094, 6.91415]}, "properties": {"pga": 0.09073083}}, {"type": "Feature", "geometry": {"type": "Point", "coordinates": [-75.51035, 7.00408]}, "properties": {"pga": 0.09072549}}, {"type": "Feature", "geometry": {"type": "Point", "coordinates": [-75.50976, 7.09402]}, "properties": {"pga": 0.09072196}}, {"type": "Feature", "geometry": {"type": "Point", "coordinates": [-75.50915, 7.18395]}, "properties": {"pga": 0.09071413}}, {"type": "Feature", "geometry": {"type": "Point", "coordinates": [-75.50854, 7.27388]}, "properties": {"pga": 0.09070721}}, {"type": "Feature", "geometry": {"type": "Point", "coordinates": [-75.50791, 7.36381]}, "properties": {"pga": 0.09069464}}, {"type": "Feature", "geometry": {"type": "Point", "coordinates": [-75.50729, 7.45375]}, "properties": {"pga": 0.09068348}}, {"type": "Feature", "geometry": {"type": "Point", "coordinates": [-75.50665, 7.54368]}, "properties": {"pga": 0.09066282}}, {"type": "Feature", "geometry": {"type": "Point", "coordinates": [-75.506, 7.63361]}, "properties": {"pga": 0.09063175}}, {"type": "Feature", "geometry": {"type": "Point", "coordinates": [-75.50535, 7.72354]}, "properties": {"pga": 0.0905873}}, {"type": "Feature", "geometry": {"type": "Point", "coordinates": [-75.50469, 7.81347]}, "properties": {"pga": 0.09051745}}, {"type": "Feature", "geometry": {"type": "Point", "coordinates": [-75.50402, 7.90341]}, "properties": {"pga": 0.09040755}}, {"type": "Feature", "geometry": {"type": "Point", "coordinates": [-75.50334, 7.99334]}, "properties": {"pga": 0.0902337}}, {"type": "Feature", "geometry": {"type": "Point", "coordinates": [-75.50266, 8.08327]}, "properties": {"pga": 0.08995679}}, {"type": "Feature", "geometry": {"type": "Point", "coordinates": [-75.50197, 8.1732]}, "properties": {"pga": 0.0894909}}, {"type": "Feature", "geometry": {"type": "Point", "coordinates": [-75.50127, 8.26314]}, "properties": {"pga": 0.08862753}}, {"type": "Feature", "geometry": {"type": "Point", "coordinates": [-75.50056, 8.35307]}, "properties": {"pga": 0.08647951}}, {"type": "Feature", "geometry": {"type": "Point", "coordinates": [-75.49984, 8.443]}, "properties": {"pga": 0.07547886}}, {"type": "Feature", "geometry": {"type": "Point", "coordinates": [-75.49912, 8.53293]}, "properties": {"pga": 0.0702761}}, {"type": "Feature", "geometry": {"type": "Point", "coordinates": [-75.49839, 8.62286]}, "properties": {"pga": 0.06680109}}, {"type": "Feature", "geometry": {"type": "Point", "coordinates": [-75.49765, 8.7128]}, "properties": {"pga": 0.06135173}}, {"type": "Feature", "geometry": {"type": "Point", "coordinates": [-75.4969, 8.80273]}, "properties": {"pga": 0.05133909}}, {"type": "Feature", "geometry": {"type": "Point", "coordinates": [-75.4366, 3.76653]}, "properties": {"pga": 0.04330206}}, {"type": "Feature", "geometry": {"type": "Point", "coordinates": [-75.43627, 3.85646]}, "properties": {"pga": 0.05214671}}, {"type": "Feature", "geometry": {"type": "Point", "coordinates": [-75.43593, 3.94639]}, "properties": {"pga": 0.05620776}}, {"type": "Feature", "geometry": {"type": "Point", "coordinates": [-75.43558, 4.03632]}, "properties": {"pga": 0.05859486}}, {"type": "Feature", "geometry": {"type": "Point", "coordinates": [-75.43523, 4.12626]}, "properties": {"pga": 0.06007417}}, {"type": "Feature", "geometry": {"type": "Point", "coordinates": [-75.43487, 4.21619]}, "properties": {"pga": 0.06103084}}, {"type": "Feature", "geometry": {"type": "Point", "coordinates": [-75.4345, 4.30612]}, "properties": {"pga": 0.06166534}}, {"type": "Feature", "geometry": {"type": "Point", "coordinates": [-75.43412, 4.39605]}, "properties": {"pga": 0.06209161}}, {"type": "Feature", "geometry": {"type": "Point", "coordinates": [-75.43374, 4.48598]}, "properties": {"pga": 0.06238107}}, {"type": "Feature", "geometry": {"type": "Point", "coordinates": [-75.43335, 4.57592]}, "properties": {"pga": 0.06257658}}, {"type": "Feature", "geometry": {"type": "Point", "coordinates": [-75.43295, 4.66585]}, "properties": {"pga": 0.06270771}}, {"type": "Feature", "geometry": {"type": "Point", "coordinates": [-75.43254, 4.75578]}, "properties": {"pga": 0.06279457}}, {"type": "Feature", "geometry": {"type": "Point", "coordinates": [-75.43212, 4.84571]}, "properties": {"pga": 0.06285104}}, {"type": "Feature", "geometry": {"type": "Point", "coordinates": [-75.4317, 4.93565]}, "properties": {"pga": 0.06288847}}, {"type": "Feature", "geometry": {"type": "Point", "coordinates": [-75.43126, 5.02558]}, "properties": {"pga": 0.06290993}}, {"type": "Feature", "geometry": {"type": "Point", "coordinates": [-75.43082, 5.11551]}, "properties": {"pga": 0.06292357}}, {"type": "Feature", "geometry": {"type": "Point", "coordinates": [-75.43038, 5.20544]}, "properties": {"pga": 0.06293254}}, {"type": "Feature", "geometry": {"type": "Point", "coordinates": [-75.42992, 5.29537]}, "properties": {"pga": 0.06293546}}, {"type": "Feature", "geometry": {"type": "Point", "coordinates": [-75.42946, 5.38531]}, "properties": {"pga": 0.06293731}}, {"type": "Feature", "geometry": {"type": "Point", "coordinates": [-75.42898, 5.47524]}, "properties": {"pga": 0.06293544}}, {"type": "Feature", "geometry": {"type": "Point", "coordinates": [-75.4285, 5.56517]}, "properties": {"pga": 0.06293405}}, {"type": "Feature", "geometry": {"type": "Point", "coordinates": [-75.42802, 5.6551]}, "properties": {"pga": 0.06293349}}, {"type": "Feature", "geometry": {"type": "Point", "coordinates": [-75.42752, 5.74503]}, "properties": {"pga": 0.06293045}}, {"type": "Feature", "geometry": {"type": "Point", "coordinates": [-75.42702, 5.83497]}, "properties": {"pga": 0.06292868}}, {"type": "Feature", "geometry": {"type": "Point", "coordinates": [-75.42651, 5.9249]}, "properties": {"pga": 0.06292637}}, {"type": "Feature", "geometry": {"type": "Point", "coordinates": [-75.42599, 6.01483]}, "properties": {"pga": 0.06292364}}, {"type": "Feature", "geometry": {"type": "Point", "coordinates": [-75.42546, 6.10476]}, "properties": {"pga": 0.06292049}}, {"type": "Feature", "geometry": {"type": "Point", "coordinates": [-75.42492, 6.1947]}, "properties": {"pga": 0.06291696}}, {"type": "Feature", "geometry": {"type": "Point", "coordinates": [-75.42438, 6.28463]}, "properties": {"pga": 0.06291478}}, {"type": "Feature", "geometry": {"type": "Point", "coordinates": [-75.42383, 6.37456]}, "properties": {"pga": 0.0629122}}, {"type": "Feature", "geometry": {"type": "Point", "coordinates": [-75.42327, 6.46449]}, "properties": {"pga": 0.06290925}}, {"type": "Feature", "geometry": {"type": "Point", "coordinates": [-75.4227, 6.55442]}, "properties": {"pga": 0.06290589}}, {"type": "Feature", "geometry": {"type": "Point", "coordinates": [-75.42213, 6.64436]}, "properties": {"pga": 0.06290384}}, {"type": "Feature", "geometry": {"type": "Point", "coordinates": [-75.42154, 6.73429]}, "properties": {"pga": 0.06289956}}, {"type": "Feature", "geometry": {"type": "Point", "coordinates": [-75.42095, 6.82422]}, "properties": {"pga": 0.06289653}}, {"type": "Feature", "geometry": {"type": "Point", "coordinates": [-75.42035, 6.91415]}, "properties": {"pga": 0.06289279}}, {"type": "Feature", "geometry": {"type": "Point", "coordinates": [-75.41975, 7.00408]}, "properties": {"pga": 0.06288997}}, {"type": "Feature", "geometry": {"type": "Point", "coordinates": [-75.41913, 7.09402]}, "properties": {"pga": 0.06288415}}, {"type": "Feature", "geometry": {"type": "Point", "coordinates": [-75.41851, 7.18395]}, "properties": {"pga": 0.06287833}}, {"type": "Feature", "geometry": {"type": "Point", "coordinates": [-75.41787, 7.27388]}, "properties": {"pga": 0.06286807}}, {"type": "Feature", "geometry": {"type": "Point", "coordinates": [-75.41723, 7.36381]}, "properties": {"pga": 0.06285561}}, {"type": "Feature", "geometry": {"type": "Point", "coordinates": [-75.41659, 7.45375]}, "properties": {"pga": 0.06283896}}, {"type": "Feature", "geometry": {"type": "Point", "coordinates": [-75.41593, 7.54368]}, "properties": {"pga": 0.06281146}}, {"type": "Feature", "geometry": {"type": "Point", "coordinates": [-75.41527, 7.63361]}, "properties": {"pga": 0.06277219}}, {"type": "Feature", "geometry": {"type": "Point", "coordinates": [-75.41459, 7.72354]}, "properties": {"pga": 0.06271082}}, {"type": "Feature", "geometry": {"type": "Point", "coordinates": [-75.41391, 7.81347]}, "properties": {"pga": 0.06262071}}, {"type": "Feature", "geometry": {"type": "Point", "coordinates": [-75.41323, 7.90341]}, "properties": {"pga": 0.06248616}}, {"type": "Feature", "geometry": {"type": "Point", "coordinates": [-75.41253, 7.99334]}, "properties": {"pga": 0.06227866}}, {"type": "Feature", "geometry": {"type": "Point", "coordinates": [-75.41182, 8.08327]}, "properties": {"pga": 0.06195799}}, {"type": "Feature", "geometry": {"type": "Point", "coordinates": [-75.41111, 8.1732]}, "properties": {"pga": 0.06144763}}, {"type": "Feature", "geometry": {"type": "Point", "coordinates": [-75.41039, 8.26314]}, "properties": {"pga": 0.06057695}}, {"type": "Feature", "geometry": {"type": "Point", "coordinates": [-75.40966, 8.35307]}, "properties": {"pga": 0.05894735}}]}